#,Peptide,ACP Score,ACP,AFP Score,AFP,AMP Score,AMP,AVP Score,AVP,ACVP Score,ACVP,Hemolysis Threshold,Hemolysis Conc (ug/ml),Hemolysis /Y/N
1,"seq_epochs_()_num_1",0.99,Yes,0.76,Yes,1.0,Yes,1.0,Yes,0.98,Yes,20,50.0,No
2,"seq_epochs_()_num_2",0.97,Yes,0.76,Yes,1.0,Yes,1.0,Yes,0.98,Yes,20,50.0,Yes
3,"seq_epochs_()_num_3",1.0,Yes,0.13,No,0.98,Yes,1.0,Yes,0.74,Yes,20,50.0,Yes
4,"seq_epochs_()_num_4",1.0,Yes,0.52,Yes,0.99,Yes,0.56,Yes,0.94,Yes,20,50.0,Yes
5,"seq_epochs_()_num_5",0.82,Yes,0.5,No,0.98,Yes,0.56,Yes,0.45,No,20,50.0,No
6,"seq_epochs_()_num_6",0.99,Yes,0.28,No,0.7,Yes,0.91,Yes,0.85,Yes,20,50.0,Yes
7,"seq_epochs_()_num_7",1.0,Yes,0.33,No,0.96,Yes,1.0,Yes,0.49,No,20,50.0,No
8,"seq_epochs_()_num_8",0.54,Yes,0.35,No,0.99,Yes,0.92,Yes,0.19,No,20,50.0,No
9,"seq_epochs_()_num_9",0.47,Yes,0.02,No,0.63,Yes,0.99,Yes,0.86,Yes,20,50.0,No
10,"seq_epochs_()_num_10",0.61,Yes,0.02,No,1.0,Yes,0.87,Yes,0.97,Yes,20,50.0,No
11,"seq_epochs_()_num_11",0.93,Yes,0.77,Yes,1.0,Yes,1.0,Yes,0.99,Yes,20,50.0,Yes
12,"seq_epochs_()_num_12",0.72,Yes,0.33,No,0.75,Yes,0.93,Yes,0.1,No,20,50.0,No
13,"seq_epochs_()_num_13",0.95,Yes,0.25,No,0.87,Yes,0.98,Yes,0.52,Yes,20,50.0,No
14,"seq_epochs_()_num_14",0.32,No,0.03,No,0.84,Yes,0.91,Yes,0.95,Yes,20,50.0,Yes
15,"seq_epochs_()_num_15",0.38,No,0.22,No,0.54,Yes,0.98,Yes,0.78,Yes,20,50.0,Yes
16,"seq_epochs_()_num_16",0.99,Yes,0.69,Yes,0.97,Yes,1.0,Yes,0.3,No,20,50.0,No
17,"seq_epochs_()_num_17",0.51,Yes,0.25,No,0.82,Yes,0.32,No,0.96,Yes,20,50.0,Yes
18,"seq_epochs_()_num_18",0.95,Yes,0.59,Yes,0.98,Yes,0.91,Yes,0.75,Yes,20,50.0,No
19,"seq_epochs_()_num_19",1.0,Yes,0.53,Yes,1.0,Yes,1.0,Yes,0.96,Yes,20,50.0,Yes
20,"seq_epochs_()_num_20",0.17,No,0.15,No,0.98,Yes,0.9,Yes,0.95,Yes,20,50.0,No
21,"seq_epochs_()_num_21",1.0,Yes,1.0,Yes,1.0,Yes,1.0,Yes,0.91,Yes,20,50.0,No
22,"seq_epochs_()_num_22",0.92,Yes,0.98,Yes,1.0,Yes,1.0,Yes,1.0,Yes,20,50.0,No
23,"seq_epochs_()_num_23",0.06,No,0.13,No,0.4,No,0.74,Yes,0.33,No,20,50.0,Yes
24,"seq_epochs_()_num_24",0.76,Yes,0.73,Yes,1.0,Yes,1.0,Yes,0.98,Yes,20,50.0,Yes
25,"seq_epochs_()_num_25",0.87,Yes,0.59,Yes,0.91,Yes,0.99,Yes,0.98,Yes,20,50.0,Yes
26,"seq_epochs_()_num_26",0.07,No,0.02,No,0.28,No,0.79,Yes,0.92,Yes,20,50.0,No
27,"seq_epochs_()_num_27",0.05,No,0.0,No,0.19,No,0.69,Yes,0.98,Yes,20,50.0,No
28,"seq_epochs_()_num_28",0.82,Yes,0.32,No,0.9,Yes,1.0,Yes,0.8,Yes,20,50.0,No
29,"seq_epochs_()_num_29",1.0,Yes,0.35,No,0.66,Yes,0.98,Yes,0.6,Yes,20,50.0,No
30,"seq_epochs_()_num_30",0.91,Yes,0.74,Yes,1.0,Yes,0.91,Yes,0.94,Yes,20,50.0,No
31,"seq_epochs_()_num_31",1.0,Yes,0.43,No,1.0,Yes,0.88,Yes,0.14,No,20,50.0,Yes
32,"seq_epochs_()_num_32",0.59,Yes,0.03,No,0.51,Yes,0.76,Yes,0.97,Yes,20,50.0,No
33,"seq_epochs_()_num_33",0.93,Yes,0.09,No,0.59,Yes,0.97,Yes,0.93,Yes,20,50.0,No
34,"seq_epochs_()_num_34",0.17,No,0.15,No,0.98,Yes,1.0,Yes,0.99,Yes,20,50.0,No
35,"seq_epochs_()_num_35",0.41,No,0.02,No,0.67,Yes,0.79,Yes,0.98,Yes,20,50.0,Yes
36,"seq_epochs_()_num_36",1.0,Yes,0.53,Yes,1.0,Yes,1.0,Yes,0.99,Yes,20,50.0,Yes
37,"seq_epochs_()_num_37",0.98,Yes,0.56,Yes,1.0,Yes,1.0,Yes,0.97,Yes,20,50.0,Yes
38,"seq_epochs_()_num_38",1.0,Yes,0.92,Yes,1.0,Yes,0.98,Yes,0.87,Yes,20,50.0,Yes
39,"seq_epochs_()_num_39",0.11,No,0.05,No,0.27,No,0.77,Yes,0.97,Yes,20,50.0,No
40,"seq_epochs_()_num_40",0.09,No,0.02,No,0.62,Yes,0.77,Yes,0.94,Yes,20,50.0,No
41,"seq_epochs_()_num_41",0.98,Yes,0.96,Yes,1.0,Yes,0.98,Yes,0.22,No,20,50.0,No
42,"seq_epochs_()_num_42",1.0,Yes,0.5,Yes,1.0,Yes,1.0,Yes,0.96,Yes,20,50.0,Yes
43,"seq_epochs_()_num_43",0.73,Yes,0.01,No,0.31,No,0.98,Yes,0.31,No,20,50.0,Yes
44,"seq_epochs_()_num_44",0.94,Yes,0.53,Yes,0.99,Yes,0.95,Yes,0.87,Yes,20,50.0,No
45,"seq_epochs_()_num_45",0.46,No,0.01,No,0.06,No,1.0,Yes,0.99,Yes,20,50.0,No
46,"seq_epochs_()_num_46",0.22,No,0.03,No,0.27,No,0.72,Yes,0.92,Yes,20,50.0,No
47,"seq_epochs_()_num_47",0.85,Yes,0.11,No,0.79,Yes,0.98,Yes,0.98,Yes,20,50.0,No
48,"seq_epochs_()_num_48",0.98,Yes,0.72,Yes,0.97,Yes,0.98,Yes,0.41,No,20,50.0,No
49,"seq_epochs_()_num_49",0.8,Yes,0.32,No,0.3,No,0.92,Yes,0.58,Yes,20,50.0,No
50,"seq_epochs_()_num_50",0.96,Yes,1.0,Yes,1.0,Yes,0.97,Yes,0.99,Yes,20,50.0,No
51,"seq_epochs_()_num_51",0.99,Yes,0.75,Yes,0.99,Yes,0.99,Yes,0.9,Yes,20,50.0,Yes
52,"seq_epochs_()_num_52",0.08,No,0.0,No,0.08,No,0.7,Yes,0.9,Yes,20,50.0,No
53,"seq_epochs_()_num_53",1.0,Yes,0.78,Yes,1.0,Yes,1.0,Yes,0.99,Yes,20,50.0,No
54,"seq_epochs_()_num_54",0.84,Yes,0.18,No,0.96,Yes,0.96,Yes,0.97,Yes,20,50.0,No
55,"seq_epochs_()_num_55",0.99,Yes,0.98,Yes,1.0,Yes,1.0,Yes,0.95,Yes,20,50.0,Yes
56,"seq_epochs_()_num_56",0.6,Yes,0.53,Yes,0.96,Yes,0.99,Yes,0.94,Yes,20,50.0,No
57,"seq_epochs_()_num_57",0.6,Yes,0.1,No,0.91,Yes,1.0,Yes,0.88,Yes,20,50.0,Yes
58,"seq_epochs_()_num_58",0.99,Yes,0.18,No,1.0,Yes,0.43,No,0.1,No,20,50.0,No
59,"seq_epochs_()_num_59",0.99,Yes,0.73,Yes,0.99,Yes,0.99,Yes,0.35,No,20,50.0,No
60,"seq_epochs_()_num_60",1.0,Yes,0.37,No,1.0,Yes,1.0,Yes,0.88,Yes,20,50.0,No
61,"seq_epochs_()_num_61",1.0,Yes,0.57,Yes,1.0,Yes,1.0,Yes,0.75,Yes,20,50.0,Yes
62,"seq_epochs_()_num_62",0.74,Yes,0.34,No,0.93,Yes,0.96,Yes,0.99,Yes,20,50.0,No
63,"seq_epochs_()_num_63",0.13,No,0.18,No,0.43,No,0.97,Yes,0.91,Yes,20,50.0,Yes
64,"seq_epochs_()_num_64",0.97,Yes,0.36,No,0.81,Yes,1.0,Yes,0.9,Yes,20,50.0,No
65,"seq_epochs_()_num_65",0.42,No,0.02,No,0.52,Yes,0.66,Yes,0.86,Yes,20,50.0,No
66,"seq_epochs_()_num_66",0.9,Yes,0.32,No,0.73,Yes,0.92,Yes,0.86,Yes,20,50.0,No
67,"seq_epochs_()_num_67",1.0,Yes,0.59,Yes,1.0,Yes,1.0,Yes,0.99,Yes,20,50.0,Yes
68,"seq_epochs_()_num_69",0.07,No,0.01,No,0.03,No,0.03,No,0.92,Yes,20,50.0,No
69,"seq_epochs_()_num_70",0.14,No,0.31,No,0.91,Yes,0.85,Yes,0.98,Yes,20,50.0,Yes
70,"seq_epochs_()_num_71",0.1,No,0.01,No,0.12,No,0.35,No,0.37,No,20,50.0,No
71,"seq_epochs_()_num_72",0.13,No,0.4,No,0.8,Yes,0.15,No,0.91,Yes,20,50.0,No
72,"seq_epochs_()_num_73",1.0,Yes,0.52,Yes,1.0,Yes,1.0,Yes,1.0,Yes,20,50.0,Yes
73,"seq_epochs_()_num_74",0.96,Yes,0.51,Yes,0.98,Yes,0.83,Yes,0.96,Yes,20,50.0,No
74,"seq_epochs_()_num_75",1.0,Yes,0.47,No,1.0,Yes,0.97,Yes,0.49,No,20,50.0,Yes
75,"seq_epochs_()_num_76",1.0,Yes,0.5,Yes,0.96,Yes,0.98,Yes,0.98,Yes,20,50.0,Yes
76,"seq_epochs_()_num_77",1.0,Yes,0.99,Yes,1.0,Yes,0.93,Yes,0.92,Yes,20,50.0,Yes
77,"seq_epochs_()_num_78",0.98,Yes,0.6,Yes,0.99,Yes,0.97,Yes,0.17,No,20,50.0,No
78,"seq_epochs_()_num_79",0.72,Yes,0.03,No,0.43,No,0.86,Yes,0.99,Yes,20,50.0,Yes
79,"seq_epochs_()_num_80",0.98,Yes,0.97,Yes,1.0,Yes,0.95,Yes,0.98,Yes,20,50.0,No
80,"seq_epochs_()_num_81",0.18,No,0.32,No,0.87,Yes,0.99,Yes,0.97,Yes,20,50.0,No
81,"seq_epochs_()_num_82",0.74,Yes,0.15,No,0.93,Yes,1.0,Yes,0.99,Yes,20,50.0,No
82,"seq_epochs_()_num_83",1.0,Yes,0.76,Yes,1.0,Yes,1.0,Yes,0.98,Yes,20,50.0,Yes
83,"seq_epochs_()_num_84",0.99,Yes,0.36,No,0.99,Yes,0.21,No,0.12,No,20,50.0,No
84,"seq_epochs_()_num_85",0.97,Yes,0.35,No,0.97,Yes,0.97,Yes,0.88,Yes,20,50.0,No
85,"seq_epochs_()_num_86",0.66,Yes,0.04,No,0.26,No,0.98,Yes,0.97,Yes,20,50.0,No
86,"seq_epochs_()_num_87",0.76,Yes,0.41,No,0.38,No,0.09,No,0.86,Yes,20,50.0,No
87,"seq_epochs_()_num_88",0.38,No,0.37,No,0.94,Yes,0.82,Yes,0.53,Yes,20,50.0,Yes
88,"seq_epochs_()_num_89",0.05,No,0.05,No,0.39,No,0.31,No,0.96,Yes,20,50.0,No
89,"seq_epochs_()_num_90",0.34,No,0.18,No,0.2,No,0.96,Yes,0.98,Yes,20,50.0,Yes
90,"seq_epochs_()_num_91",0.08,No,0.11,No,0.85,Yes,0.86,Yes,0.97,Yes,20,50.0,Yes
91,"seq_epochs_()_num_92",0.99,Yes,0.35,No,0.91,Yes,0.96,Yes,0.47,No,20,50.0,No
92,"seq_epochs_()_num_93",1.0,Yes,0.98,Yes,1.0,Yes,1.0,Yes,0.99,Yes,20,50.0,Yes
93,"seq_epochs_()_num_95",1.0,Yes,1.0,Yes,1.0,Yes,1.0,Yes,0.85,Yes,20,50.0,Yes
94,"seq_epochs_()_num_97",0.19,No,0.07,No,0.72,Yes,0.25,No,0.86,Yes,20,50.0,Yes
95,"seq_epochs_()_num_98",1.0,Yes,0.52,Yes,1.0,Yes,0.39,No,0.21,No,20,50.0,No
96,"seq_epochs_()_num_99",0.6,Yes,0.1,No,0.28,No,0.85,Yes,0.87,Yes,20,50.0,No
97,"seq_epochs_()_num_100",0.03,No,0.0,No,0.12,No,0.98,Yes,0.96,Yes,20,50.0,No
98,"seq_epochs_()_num_101",0.53,Yes,0.12,No,0.79,Yes,0.83,Yes,0.98,Yes,20,50.0,No
99,"seq_epochs_()_num_102",0.22,No,0.01,No,0.03,No,0.72,Yes,0.89,Yes,20,50.0,No
100,"seq_epochs_()_num_103",0.11,No,0.05,No,0.11,No,0.04,No,0.98,Yes,20,50.0,No
101,"seq_epochs_()_num_104",1.0,Yes,0.54,Yes,0.95,Yes,0.97,Yes,0.89,Yes,20,50.0,Yes
102,"seq_epochs_()_num_105",0.27,No,0.49,No,0.38,No,1.0,Yes,0.55,Yes,20,50.0,No
103,"seq_epochs_()_num_106",0.43,No,0.26,No,0.61,Yes,0.42,No,0.97,Yes,20,50.0,Yes
104,"seq_epochs_()_num_107",1.0,Yes,0.69,Yes,1.0,Yes,1.0,Yes,0.78,Yes,20,50.0,No
105,"seq_epochs_()_num_108",0.92,Yes,0.33,No,1.0,Yes,1.0,Yes,0.99,Yes,20,50.0,No
106,"seq_epochs_()_num_109",0.99,Yes,0.7,Yes,0.94,Yes,0.9,Yes,0.98,Yes,20,50.0,Yes
107,"seq_epochs_()_num_110",1.0,Yes,0.54,Yes,1.0,Yes,0.81,Yes,0.95,Yes,20,50.0,No
108,"seq_epochs_()_num_111",0.96,Yes,0.71,Yes,0.99,Yes,1.0,Yes,0.25,No,20,50.0,No
109,"seq_epochs_()_num_112",0.95,Yes,0.4,No,0.5,No,0.89,Yes,0.9,Yes,20,50.0,Yes
110,"seq_epochs_()_num_113",0.29,No,0.04,No,0.16,No,0.95,Yes,0.97,Yes,20,50.0,No
111,"seq_epochs_()_num_114",0.98,Yes,0.36,No,0.68,Yes,0.62,Yes,1.0,Yes,20,50.0,Yes
112,"seq_epochs_()_num_115",1.0,Yes,0.81,Yes,0.98,Yes,1.0,Yes,0.99,Yes,20,50.0,Yes
113,"seq_epochs_()_num_116",0.88,Yes,0.23,No,0.05,No,0.17,No,0.02,No,20,50.0,No
114,"seq_epochs_()_num_117",0.98,Yes,0.75,Yes,1.0,Yes,1.0,Yes,0.99,Yes,20,50.0,Yes
115,"seq_epochs_()_num_118",1.0,Yes,0.98,Yes,1.0,Yes,1.0,Yes,0.97,Yes,20,50.0,Yes
116,"seq_epochs_()_num_119",1.0,Yes,0.71,Yes,1.0,Yes,1.0,Yes,0.99,Yes,20,50.0,Yes
117,"seq_epochs_()_num_120",0.07,No,0.04,No,0.26,No,0.49,No,0.82,Yes,20,50.0,No
118,"seq_epochs_()_num_121",0.97,Yes,0.08,No,0.9,Yes,1.0,Yes,0.8,Yes,20,50.0,No
119,"seq_epochs_()_num_122",0.76,Yes,0.68,Yes,0.92,Yes,0.68,Yes,0.89,Yes,20,50.0,No
120,"seq_epochs_()_num_123",0.57,Yes,0.02,No,0.31,No,0.52,Yes,0.88,Yes,20,50.0,Yes
121,"seq_epochs_()_num_124",0.75,Yes,0.02,No,0.22,No,0.83,Yes,0.95,Yes,20,50.0,No
122,"seq_epochs_()_num_125",0.05,No,0.02,No,0.11,No,0.53,Yes,0.98,Yes,20,50.0,No
123,"seq_epochs_()_num_126",1.0,Yes,0.22,No,0.74,Yes,0.99,Yes,1.0,Yes,20,50.0,No
124,"seq_epochs_()_num_127",0.13,No,0.21,No,0.87,Yes,0.99,Yes,0.95,Yes,20,50.0,No
125,"seq_epochs_()_num_128",0.08,No,0.0,No,0.01,No,0.23,No,0.95,Yes,20,50.0,No
126,"seq_epochs_()_num_129",0.97,Yes,0.52,Yes,0.48,No,0.26,No,0.22,No,20,50.0,No
127,"seq_epochs_()_num_130",0.87,Yes,0.5,No,0.99,Yes,0.94,Yes,0.88,Yes,20,50.0,Yes
128,"seq_epochs_()_num_131",1.0,Yes,0.42,No,0.48,No,0.56,Yes,0.59,Yes,20,50.0,No
129,"seq_epochs_()_num_132",0.36,No,0.06,No,0.14,No,0.29,No,0.24,No,20,50.0,No
130,"seq_epochs_()_num_133",0.74,Yes,0.48,No,0.88,Yes,0.89,Yes,0.68,Yes,20,50.0,No
131,"seq_epochs_()_num_134",0.99,Yes,0.36,No,1.0,Yes,0.97,Yes,0.98,Yes,20,50.0,No
132,"seq_epochs_()_num_135",0.99,Yes,0.31,No,0.96,Yes,0.99,Yes,0.92,Yes,20,50.0,Yes
133,"seq_epochs_()_num_136",0.15,No,0.03,No,0.35,No,0.4,No,0.9,Yes,20,50.0,No
134,"seq_epochs_()_num_137",0.99,Yes,0.99,Yes,0.99,Yes,1.0,Yes,0.46,No,20,50.0,No
135,"seq_epochs_()_num_138",1.0,Yes,0.49,No,0.98,Yes,0.99,Yes,0.82,Yes,20,50.0,Yes
136,"seq_epochs_()_num_139",1.0,Yes,0.53,Yes,0.99,Yes,0.91,Yes,0.71,Yes,20,50.0,Yes
137,"seq_epochs_()_num_140",0.34,No,0.21,No,0.21,No,0.18,No,0.89,Yes,20,50.0,No
138,"seq_epochs_()_num_141",0.98,Yes,0.71,Yes,1.0,Yes,0.99,Yes,0.48,No,20,50.0,No
139,"seq_epochs_()_num_142",0.6,Yes,0.06,No,0.93,Yes,1.0,Yes,0.74,Yes,20,50.0,No
140,"seq_epochs_()_num_143",0.46,No,0.43,No,0.14,No,0.93,Yes,0.97,Yes,20,50.0,No
141,"seq_epochs_()_num_144",1.0,Yes,0.57,Yes,1.0,Yes,1.0,Yes,0.9,Yes,20,50.0,Yes
142,"seq_epochs_()_num_145",1.0,Yes,0.99,Yes,1.0,Yes,1.0,Yes,0.84,Yes,20,50.0,Yes
143,"seq_epochs_()_num_146",0.78,Yes,0.02,No,0.37,No,0.81,Yes,0.31,No,20,50.0,Yes
144,"seq_epochs_()_num_147",0.97,Yes,0.73,Yes,1.0,Yes,0.98,Yes,0.8,Yes,20,50.0,No
145,"seq_epochs_()_num_148",0.92,Yes,0.35,No,0.98,Yes,0.99,Yes,0.02,No,20,50.0,No
146,"seq_epochs_()_num_149",1.0,Yes,0.98,Yes,1.0,Yes,0.99,Yes,0.95,Yes,20,50.0,Yes
147,"seq_epochs_()_num_150",0.95,Yes,0.21,No,0.69,Yes,0.96,Yes,0.88,Yes,20,50.0,No
148,"seq_epochs_()_num_151",0.99,Yes,0.91,Yes,1.0,Yes,1.0,Yes,0.36,No,20,50.0,No
149,"seq_epochs_()_num_152",1.0,Yes,0.52,Yes,0.99,Yes,0.99,Yes,0.57,Yes,20,50.0,No
150,"seq_epochs_()_num_153",0.81,Yes,0.69,Yes,1.0,Yes,0.86,Yes,0.89,Yes,20,50.0,No
151,"seq_epochs_()_num_154",1.0,Yes,0.34,No,1.0,Yes,1.0,Yes,1.0,Yes,20,50.0,No
152,"seq_epochs_()_num_155",0.69,Yes,0.37,No,0.98,Yes,0.99,Yes,0.87,Yes,20,50.0,No
153,"seq_epochs_()_num_156",0.97,Yes,0.47,No,0.99,Yes,0.63,Yes,0.86,Yes,20,50.0,No
154,"seq_epochs_()_num_157",0.34,No,0.05,No,0.22,No,0.63,Yes,0.98,Yes,20,50.0,No
155,"seq_epochs_()_num_158",0.99,Yes,0.67,Yes,0.97,Yes,1.0,Yes,0.51,Yes,20,50.0,No
156,"seq_epochs_()_num_159",0.99,Yes,0.99,Yes,0.99,Yes,1.0,Yes,0.95,Yes,20,50.0,No
157,"seq_epochs_()_num_160",0.79,Yes,0.54,Yes,0.95,Yes,0.98,Yes,0.99,Yes,20,50.0,No
158,"seq_epochs_()_num_161",0.02,No,0.06,No,0.15,No,0.03,No,0.8,Yes,20,50.0,No
159,"seq_epochs_()_num_162",1.0,Yes,0.5,No,1.0,Yes,1.0,Yes,0.66,Yes,20,50.0,No
160,"seq_epochs_()_num_163",1.0,Yes,0.51,Yes,0.97,Yes,1.0,Yes,0.48,No,20,50.0,No
161,"seq_epochs_()_num_164",0.84,Yes,0.36,No,0.99,Yes,0.97,Yes,0.54,Yes,20,50.0,No
162,"seq_epochs_()_num_165",0.89,Yes,0.5,Yes,0.97,Yes,0.35,No,0.24,No,20,50.0,No
163,"seq_epochs_()_num_167",1.0,Yes,0.51,Yes,0.77,Yes,0.96,Yes,0.74,Yes,20,50.0,No
164,"seq_epochs_()_num_168",0.72,Yes,0.01,No,0.53,Yes,0.97,Yes,0.78,Yes,20,50.0,Yes
165,"seq_epochs_()_num_169",1.0,Yes,0.5,No,1.0,Yes,1.0,Yes,0.94,Yes,20,50.0,Yes
166,"seq_epochs_()_num_170",0.11,No,0.19,No,0.16,No,0.36,No,0.95,Yes,20,50.0,No
167,"seq_epochs_()_num_171",0.98,Yes,0.06,No,0.7,Yes,0.99,Yes,0.86,Yes,20,50.0,Yes
168,"seq_epochs_()_num_172",0.67,Yes,0.35,No,0.57,Yes,0.41,No,0.95,Yes,20,50.0,Yes
169,"seq_epochs_()_num_174",0.44,No,0.1,No,0.21,No,0.85,Yes,0.54,Yes,20,50.0,No
170,"seq_epochs_()_num_175",0.12,No,0.11,No,0.75,Yes,0.85,Yes,0.98,Yes,20,50.0,No
171,"seq_epochs_()_num_176",0.06,No,0.14,No,0.72,Yes,0.77,Yes,0.93,Yes,20,50.0,No
172,"seq_epochs_()_num_177",1.0,Yes,0.77,Yes,0.99,Yes,0.99,Yes,0.84,Yes,20,50.0,Yes
173,"seq_epochs_()_num_178",0.67,Yes,0.32,No,0.51,Yes,0.4,No,0.77,Yes,20,50.0,Yes
174,"seq_epochs_()_num_179",1.0,Yes,0.51,Yes,1.0,Yes,1.0,Yes,0.95,Yes,20,50.0,Yes
175,"seq_epochs_()_num_180",1.0,Yes,0.95,Yes,1.0,Yes,0.99,Yes,0.04,No,20,50.0,Yes
176,"seq_epochs_()_num_181",0.96,Yes,0.53,Yes,0.92,Yes,0.99,Yes,0.89,Yes,20,50.0,No
177,"seq_epochs_()_num_182",0.17,No,0.73,Yes,0.97,Yes,0.45,No,0.73,Yes,20,50.0,No
178,"seq_epochs_()_num_183",0.16,No,0.05,No,0.13,No,0.31,No,0.94,Yes,20,50.0,No
179,"seq_epochs_()_num_184",1.0,Yes,1.0,Yes,1.0,Yes,0.98,Yes,0.94,Yes,20,50.0,Yes
180,"seq_epochs_()_num_185",0.97,Yes,0.01,No,0.67,Yes,0.95,Yes,0.42,No,20,50.0,No
181,"seq_epochs_()_num_186",0.12,No,0.06,No,0.19,No,0.65,Yes,0.94,Yes,20,50.0,No
182,"seq_epochs_()_num_187",0.19,No,0.04,No,0.19,No,0.97,Yes,0.89,Yes,20,50.0,No
183,"seq_epochs_()_num_188",0.95,Yes,0.95,Yes,0.99,Yes,1.0,Yes,0.59,Yes,20,50.0,Yes
184,"seq_epochs_()_num_189",0.97,Yes,0.73,Yes,1.0,Yes,0.98,Yes,0.59,Yes,20,50.0,Yes
185,"seq_epochs_()_num_190",0.87,Yes,0.34,No,1.0,Yes,0.98,Yes,0.35,No,20,50.0,No
186,"seq_epochs_()_num_191",0.11,No,0.01,No,0.19,No,0.24,No,0.9,Yes,20,50.0,No
187,"seq_epochs_()_num_192",0.09,No,0.03,No,0.35,No,0.47,No,0.87,Yes,20,50.0,No
188,"seq_epochs_()_num_193",0.12,No,0.27,No,0.65,Yes,0.94,Yes,0.85,Yes,20,50.0,Yes
189,"seq_epochs_()_num_194",0.98,Yes,0.53,Yes,0.99,Yes,0.99,Yes,0.21,No,20,50.0,No
190,"seq_epochs_()_num_195",0.24,No,0.91,Yes,0.99,Yes,0.29,No,0.94,Yes,20,50.0,No
191,"seq_epochs_()_num_196",1.0,Yes,0.98,Yes,1.0,Yes,0.99,Yes,0.94,Yes,20,50.0,Yes
192,"seq_epochs_()_num_197",0.12,No,0.1,No,0.93,Yes,0.82,Yes,0.7,Yes,20,50.0,No
193,"seq_epochs_()_num_198",1.0,Yes,0.52,Yes,1.0,Yes,0.96,Yes,0.92,Yes,20,50.0,Yes
194,"seq_epochs_()_num_199",0.07,No,0.02,No,0.79,Yes,0.44,No,0.97,Yes,20,50.0,No
195,"seq_epochs_()_num_200",1.0,Yes,0.98,Yes,1.0,Yes,1.0,Yes,0.77,Yes,20,50.0,Yes
196,"seq_epochs_()_num_201",0.06,No,0.0,No,0.02,No,0.95,Yes,0.94,Yes,20,50.0,No
197,"seq_epochs_()_num_202",0.29,No,0.32,No,0.84,Yes,0.21,No,0.35,No,20,50.0,No
198,"seq_epochs_()_num_203",0.89,Yes,0.07,No,0.38,No,0.59,Yes,0.98,Yes,20,50.0,No
199,"seq_epochs_()_num_204",0.99,Yes,0.33,No,0.82,Yes,0.97,Yes,0.78,Yes,20,50.0,No
200,"seq_epochs_()_num_205",0.24,No,0.33,No,0.64,Yes,0.98,Yes,1.0,Yes,20,50.0,No
201,"seq_epochs_()_num_206",0.06,No,0.17,No,0.04,No,0.7,Yes,0.42,No,20,50.0,No
202,"seq_epochs_()_num_207",1.0,Yes,0.91,Yes,1.0,Yes,1.0,Yes,0.98,Yes,20,50.0,Yes
203,"seq_epochs_()_num_208",0.76,Yes,0.01,No,0.58,Yes,0.67,Yes,0.97,Yes,20,50.0,Yes
204,"seq_epochs_()_num_209",0.97,Yes,0.98,Yes,1.0,Yes,1.0,Yes,0.97,Yes,20,50.0,Yes
205,"seq_epochs_()_num_210",0.1,No,0.02,No,0.01,No,0.48,No,0.98,Yes,20,50.0,Yes
206,"seq_epochs_()_num_211",1.0,Yes,0.67,Yes,1.0,Yes,1.0,Yes,0.56,Yes,20,50.0,Yes
207,"seq_epochs_()_num_212",0.14,No,0.18,No,0.35,No,0.52,Yes,0.96,Yes,20,50.0,No
208,"seq_epochs_()_num_213",1.0,Yes,1.0,Yes,1.0,Yes,1.0,Yes,0.39,No,20,50.0,Yes
209,"seq_epochs_()_num_214",0.18,No,0.01,No,0.28,No,0.53,Yes,0.97,Yes,20,50.0,Yes
210,"seq_epochs_()_num_215",0.42,No,0.03,No,0.18,No,0.99,Yes,0.56,Yes,20,50.0,No
211,"seq_epochs_()_num_216",0.9,Yes,0.15,No,0.84,Yes,0.51,Yes,0.55,Yes,20,50.0,Yes
212,"seq_epochs_()_num_217",0.76,Yes,0.01,No,0.2,No,0.98,Yes,0.37,No,20,50.0,Yes
213,"seq_epochs_()_num_218",0.97,Yes,0.74,Yes,0.66,Yes,0.97,Yes,0.27,No,20,50.0,No
214,"seq_epochs_()_num_219",0.99,Yes,0.59,Yes,1.0,Yes,1.0,Yes,0.99,Yes,20,50.0,Yes
215,"seq_epochs_()_num_220",0.55,Yes,0.28,No,0.9,Yes,0.98,Yes,0.99,Yes,20,50.0,Yes
216,"seq_epochs_()_num_221",0.93,Yes,0.48,No,0.97,Yes,1.0,Yes,0.93,Yes,20,50.0,Yes
217,"seq_epochs_()_num_222",0.63,Yes,0.07,No,0.81,Yes,0.96,Yes,0.77,Yes,20,50.0,No
218,"seq_epochs_()_num_223",0.61,Yes,0.55,Yes,0.87,Yes,0.95,Yes,0.97,Yes,20,50.0,Yes
219,"seq_epochs_()_num_224",1.0,Yes,0.55,Yes,1.0,Yes,1.0,Yes,0.88,Yes,20,50.0,Yes
220,"seq_epochs_()_num_225",0.68,Yes,0.05,No,0.81,Yes,0.99,Yes,0.89,Yes,20,50.0,Yes
221,"seq_epochs_()_num_226",0.29,No,0.13,No,0.17,No,0.48,No,1.0,Yes,20,50.0,No
222,"seq_epochs_()_num_227",1.0,Yes,0.98,Yes,1.0,Yes,0.96,Yes,0.9,Yes,20,50.0,Yes
223,"seq_epochs_()_num_228",1.0,Yes,0.99,Yes,1.0,Yes,1.0,Yes,0.96,Yes,20,50.0,Yes
224,"seq_epochs_()_num_230",0.37,No,0.35,No,0.15,No,0.93,Yes,0.45,No,20,50.0,Yes
225,"seq_epochs_()_num_231",1.0,Yes,0.57,Yes,0.99,Yes,1.0,Yes,0.97,Yes,20,50.0,Yes
226,"seq_epochs_()_num_232",0.08,No,0.04,No,0.04,No,0.18,No,0.97,Yes,20,50.0,No
227,"seq_epochs_()_num_233",0.16,No,0.17,No,0.21,No,0.1,No,0.94,Yes,20,50.0,Yes
228,"seq_epochs_()_num_234",0.68,Yes,0.02,No,0.12,No,0.96,Yes,0.97,Yes,20,50.0,No
229,"seq_epochs_()_num_235",1.0,Yes,0.49,No,0.99,Yes,0.85,Yes,0.9,Yes,20,50.0,Yes
230,"seq_epochs_()_num_236",0.25,No,0.0,No,0.0,No,1.0,Yes,1.0,Yes,20,50.0,No
231,"seq_epochs_()_num_237",1.0,Yes,0.54,Yes,1.0,Yes,1.0,Yes,0.95,Yes,20,50.0,Yes
232,"seq_epochs_()_num_238",0.87,Yes,0.35,No,0.94,Yes,0.98,Yes,0.89,Yes,20,50.0,No
233,"seq_epochs_()_num_239",1.0,Yes,0.91,Yes,0.99,Yes,0.79,Yes,0.88,Yes,20,50.0,Yes
234,"seq_epochs_()_num_240",0.49,Yes,0.19,No,0.5,Yes,0.28,No,0.91,Yes,20,50.0,Yes
235,"seq_epochs_()_num_241",1.0,Yes,1.0,Yes,1.0,Yes,1.0,Yes,1.0,Yes,20,50.0,Yes
236,"seq_epochs_()_num_242",0.19,No,0.0,No,0.08,No,0.98,Yes,1.0,Yes,20,50.0,No
237,"seq_epochs_()_num_541",1.0,Yes,0.57,Yes,1.0,Yes,0.99,Yes,0.03,No,20,50.0,Yes
238,"seq_epochs_()_num_244",0.46,No,0.2,No,0.45,No,0.62,Yes,0.36,No,20,50.0,Yes
239,"seq_epochs_()_num_245",0.99,Yes,0.97,Yes,0.99,Yes,0.81,Yes,0.89,Yes,20,50.0,Yes
240,"seq_epochs_()_num_246",1.0,Yes,0.71,Yes,0.75,Yes,1.0,Yes,0.72,Yes,20,50.0,No
241,"seq_epochs_()_num_247",0.44,No,0.26,No,0.06,No,0.84,Yes,0.96,Yes,20,50.0,No
242,"seq_epochs_()_num_248",1.0,Yes,1.0,Yes,1.0,Yes,1.0,Yes,0.96,Yes,20,50.0,Yes
243,"seq_epochs_()_num_249",0.94,Yes,0.53,Yes,0.99,Yes,0.98,Yes,0.96,Yes,20,50.0,Yes
244,"seq_epochs_()_num_250",0.7,Yes,0.48,No,0.29,No,0.59,Yes,0.73,Yes,20,50.0,No
245,"seq_epochs_()_num_251",0.17,No,0.06,No,0.65,Yes,0.9,Yes,0.91,Yes,20,50.0,No
246,"seq_epochs_()_num_252",0.71,Yes,0.06,No,0.76,Yes,0.46,No,0.89,Yes,20,50.0,Yes
247,"seq_epochs_()_num_253",0.99,Yes,0.52,Yes,1.0,Yes,1.0,Yes,0.93,Yes,20,50.0,No
248,"seq_epochs_()_num_254",0.08,No,0.01,No,0.02,No,0.92,Yes,0.9,Yes,20,50.0,Yes
249,"seq_epochs_()_num_255",0.63,Yes,0.49,No,0.02,No,0.21,No,0.29,No,20,50.0,No
250,"seq_epochs_()_num_256",1.0,Yes,0.96,Yes,1.0,Yes,1.0,Yes,0.8,Yes,20,50.0,Yes
251,"seq_epochs_()_num_257",0.33,No,0.22,No,0.13,No,0.95,Yes,0.98,Yes,20,50.0,No
252,"seq_epochs_()_num_259",0.02,No,0.02,No,0.02,No,0.11,No,0.98,Yes,20,50.0,No
253,"seq_epochs_()_num_260",0.16,No,0.79,Yes,1.0,Yes,1.0,Yes,0.98,Yes,20,50.0,Yes
254,"seq_epochs_()_num_261",0.99,Yes,1.0,Yes,1.0,Yes,1.0,Yes,0.88,Yes,20,50.0,Yes
255,"seq_epochs_()_num_262",1.0,Yes,0.98,Yes,1.0,Yes,0.99,Yes,0.95,Yes,20,50.0,Yes
256,"seq_epochs_()_num_263",0.09,No,0.3,No,0.93,Yes,0.83,Yes,0.99,Yes,20,50.0,No
257,"seq_epochs_()_num_264",0.17,No,0.22,No,0.96,Yes,0.95,Yes,0.81,Yes,20,50.0,Yes
258,"seq_epochs_()_num_265",1.0,Yes,0.93,Yes,1.0,Yes,1.0,Yes,0.85,Yes,20,50.0,Yes
259,"seq_epochs_()_num_266",0.15,No,0.05,No,0.28,No,0.78,Yes,0.91,Yes,20,50.0,No
260,"seq_epochs_()_num_267",1.0,Yes,0.34,No,0.99,Yes,0.98,Yes,0.94,Yes,20,50.0,Yes
261,"seq_epochs_()_num_268",1.0,Yes,0.34,No,0.95,Yes,1.0,Yes,0.96,Yes,20,50.0,Yes
262,"seq_epochs_()_num_269",0.4,No,0.23,No,0.9,Yes,0.53,Yes,0.84,Yes,20,50.0,No
263,"seq_epochs_()_num_270",0.99,Yes,0.5,Yes,0.59,Yes,0.94,Yes,0.59,Yes,20,50.0,No
264,"seq_epochs_()_num_271",0.9,Yes,0.34,No,0.93,Yes,0.98,Yes,0.8,Yes,20,50.0,No
265,"seq_epochs_()_num_272",0.19,No,0.07,No,0.12,No,0.96,Yes,0.91,Yes,20,50.0,No
266,"seq_epochs_()_num_273",0.58,Yes,0.05,No,0.46,No,0.8,Yes,0.99,Yes,20,50.0,No
267,"seq_epochs_()_num_274",0.05,No,0.25,No,0.55,Yes,0.48,No,0.83,Yes,20,50.0,No
268,"seq_epochs_()_num_275",0.12,No,0.14,No,0.66,Yes,0.97,Yes,0.93,Yes,20,50.0,No
269,"seq_epochs_()_num_276",1.0,Yes,0.59,Yes,0.96,Yes,0.85,Yes,0.76,Yes,20,50.0,No
270,"seq_epochs_()_num_277",0.81,Yes,0.29,No,0.9,Yes,0.98,Yes,0.96,Yes,20,50.0,Yes
271,"seq_epochs_()_num_278",0.99,Yes,0.91,Yes,1.0,Yes,1.0,Yes,0.74,Yes,20,50.0,No
272,"seq_epochs_()_num_279",0.98,Yes,0.96,Yes,1.0,Yes,0.99,Yes,0.63,Yes,20,50.0,Yes
273,"seq_epochs_()_num_280",0.98,Yes,0.76,Yes,0.99,Yes,0.99,Yes,1.0,Yes,20,50.0,Yes
274,"seq_epochs_()_num_281",0.05,No,0.01,No,0.07,No,0.19,No,0.98,Yes,20,50.0,No
275,"seq_epochs_()_num_282",0.15,No,0.0,No,0.02,No,0.98,Yes,1.0,Yes,20,50.0,No
276,"seq_epochs_()_num_283",0.04,No,0.48,No,0.74,Yes,0.36,No,0.93,Yes,20,50.0,No
277,"seq_epochs_()_num_284",0.99,Yes,0.52,Yes,1.0,Yes,0.76,Yes,0.23,No,20,50.0,No
278,"seq_epochs_()_num_285",0.09,No,0.03,No,0.57,Yes,0.31,No,0.98,Yes,20,50.0,No
279,"seq_epochs_()_num_286",0.08,No,0.09,No,0.64,Yes,0.93,Yes,0.56,Yes,20,50.0,No
280,"seq_epochs_()_num_287",0.05,No,0.46,No,0.85,Yes,0.78,Yes,0.74,Yes,20,50.0,No
281,"seq_epochs_()_num_288",0.99,Yes,0.95,Yes,1.0,Yes,1.0,Yes,0.98,Yes,20,50.0,Yes
282,"seq_epochs_()_num_289",0.97,Yes,0.78,Yes,0.96,Yes,0.98,Yes,0.86,Yes,20,50.0,Yes
283,"seq_epochs_()_num_290",0.8,Yes,0.57,Yes,0.92,Yes,0.79,Yes,0.08,No,20,50.0,No
284,"seq_epochs_()_num_291",0.36,No,0.13,No,0.04,No,0.85,Yes,0.95,Yes,20,50.0,No
285,"seq_epochs_()_num_292",0.7,Yes,0.31,No,0.7,Yes,1.0,Yes,0.7,Yes,20,50.0,No
286,"seq_epochs_()_num_293",0.99,Yes,0.59,Yes,1.0,Yes,0.96,Yes,0.98,Yes,20,50.0,Yes
287,"seq_epochs_()_num_294",1.0,Yes,0.95,Yes,1.0,Yes,1.0,Yes,0.98,Yes,20,50.0,No
288,"seq_epochs_()_num_295",0.72,Yes,0.39,No,0.95,Yes,1.0,Yes,0.99,Yes,20,50.0,Yes
289,"seq_epochs_()_num_296",0.88,Yes,0.5,Yes,0.58,Yes,0.94,Yes,0.19,No,20,50.0,No
290,"seq_epochs_()_num_297",0.96,Yes,0.75,Yes,0.93,Yes,1.0,Yes,0.13,No,20,50.0,No
291,"seq_epochs_()_num_298",0.06,No,0.0,No,0.05,No,0.28,No,0.97,Yes,20,50.0,No
292,"seq_epochs_()_num_299",0.24,No,0.47,No,0.95,Yes,0.88,Yes,0.65,Yes,20,50.0,No
293,"seq_epochs_()_num_300",0.99,Yes,0.36,No,0.98,Yes,1.0,Yes,0.35,No,20,50.0,No
294,"seq_epochs_()_num_301",0.06,No,0.0,No,0.17,No,0.06,No,0.98,Yes,20,50.0,No
295,"seq_epochs_()_num_302",0.07,No,0.02,No,0.18,No,0.51,Yes,0.96,Yes,20,50.0,No
296,"seq_epochs_()_num_303",0.06,No,0.04,No,0.31,No,0.18,No,0.09,No,20,50.0,No
297,"seq_epochs_()_num_304",0.99,Yes,0.72,Yes,1.0,Yes,1.0,Yes,0.87,Yes,20,50.0,Yes
298,"seq_epochs_()_num_305",1.0,Yes,0.75,Yes,1.0,Yes,0.92,Yes,0.92,Yes,20,50.0,No
299,"seq_epochs_()_num_306",0.98,Yes,0.92,Yes,1.0,Yes,0.98,Yes,0.4,No,20,50.0,No
300,"seq_epochs_()_num_307",0.2,No,0.04,No,0.21,No,1.0,Yes,0.86,Yes,20,50.0,No
301,"seq_epochs_()_num_308",0.99,Yes,0.37,No,1.0,Yes,1.0,Yes,1.0,Yes,20,50.0,Yes
302,"seq_epochs_()_num_309",0.5,Yes,0.3,No,0.82,Yes,0.81,Yes,0.94,Yes,20,50.0,Yes
303,"seq_epochs_()_num_310",0.95,Yes,0.33,No,0.94,Yes,0.97,Yes,0.7,Yes,20,50.0,Yes
304,"seq_epochs_()_num_311",0.04,No,0.05,No,0.39,No,0.13,No,0.78,Yes,20,50.0,No
305,"seq_epochs_()_num_312",1.0,Yes,0.51,Yes,1.0,Yes,1.0,Yes,0.99,Yes,20,50.0,Yes
306,"seq_epochs_()_num_313",1.0,Yes,0.35,No,1.0,Yes,1.0,Yes,1.0,Yes,20,50.0,No
307,"seq_epochs_()_num_314",1.0,Yes,0.24,No,1.0,Yes,0.62,Yes,0.7,Yes,20,50.0,No
308,"seq_epochs_()_num_315",1.0,Yes,0.63,Yes,0.99,Yes,1.0,Yes,0.89,Yes,20,50.0,Yes
309,"seq_epochs_()_num_316",0.74,Yes,0.09,No,0.48,No,0.97,Yes,0.81,Yes,20,50.0,Yes
310,"seq_epochs_()_num_317",0.97,Yes,0.01,No,0.19,No,0.84,Yes,0.55,Yes,20,50.0,Yes
311,"seq_epochs_()_num_318",1.0,Yes,0.99,Yes,1.0,Yes,1.0,Yes,0.96,Yes,20,50.0,Yes
312,"seq_epochs_()_num_319",0.29,No,0.01,No,0.32,No,0.8,Yes,0.94,Yes,20,50.0,No
313,"seq_epochs_()_num_320",0.96,Yes,0.06,No,0.86,Yes,1.0,Yes,0.96,Yes,20,50.0,Yes
314,"seq_epochs_()_num_321",0.98,Yes,0.99,Yes,1.0,Yes,1.0,Yes,0.9,Yes,20,50.0,Yes
315,"seq_epochs_()_num_322",0.99,Yes,0.34,No,0.99,Yes,1.0,Yes,0.99,Yes,20,50.0,No
316,"seq_epochs_()_num_323",0.72,Yes,0.24,No,0.43,No,0.97,Yes,0.57,Yes,20,50.0,No
317,"seq_epochs_()_num_324",0.93,Yes,0.82,Yes,0.99,Yes,0.99,Yes,0.81,Yes,20,50.0,No
318,"seq_epochs_()_num_325",0.1,No,0.31,No,0.17,No,0.4,No,0.48,No,20,50.0,Yes
319,"seq_epochs_()_num_326",0.12,No,0.0,No,0.07,No,0.26,No,0.95,Yes,20,50.0,No
320,"seq_epochs_()_num_327",0.92,Yes,0.76,Yes,0.76,Yes,1.0,Yes,0.49,No,20,50.0,No
321,"seq_epochs_()_num_328",0.07,No,0.32,No,0.81,Yes,0.29,No,0.34,No,20,50.0,No
322,"seq_epochs_()_num_329",1.0,Yes,0.99,Yes,1.0,Yes,1.0,Yes,0.01,No,20,50.0,No
323,"seq_epochs_()_num_330",0.06,No,0.01,No,0.39,No,0.89,Yes,0.92,Yes,20,50.0,No
324,"seq_epochs_()_num_331",0.46,No,0.7,Yes,0.97,Yes,0.93,Yes,0.44,No,20,50.0,No
325,"seq_epochs_()_num_332",0.45,No,0.0,No,0.0,No,0.04,No,0.28,No,20,50.0,No
326,"seq_epochs_()_num_333",0.9,Yes,0.55,Yes,0.99,Yes,0.93,Yes,0.76,Yes,20,50.0,No
327,"seq_epochs_()_num_334",1.0,Yes,0.74,Yes,1.0,Yes,0.85,Yes,0.92,Yes,20,50.0,No
328,"seq_epochs_()_num_335",0.92,Yes,0.48,No,0.82,Yes,0.74,Yes,0.9,Yes,20,50.0,Yes
329,"seq_epochs_()_num_336",0.43,No,0.04,No,0.69,Yes,0.97,Yes,0.75,Yes,20,50.0,No
330,"seq_epochs_()_num_337",0.99,Yes,0.7,Yes,0.96,Yes,0.92,Yes,0.73,Yes,20,50.0,Yes
331,"seq_epochs_()_num_338",0.22,No,0.01,No,0.02,No,0.09,No,0.43,No,20,50.0,No
332,"seq_epochs_()_num_339",0.96,Yes,0.53,Yes,1.0,Yes,1.0,Yes,0.98,Yes,20,50.0,No
333,"seq_epochs_()_num_340",0.93,Yes,0.96,Yes,1.0,Yes,1.0,Yes,0.92,Yes,20,50.0,No
334,"seq_epochs_()_num_341",0.07,No,0.22,No,0.19,No,0.31,No,0.93,Yes,20,50.0,Yes
335,"seq_epochs_()_num_342",0.31,No,0.01,No,0.01,No,0.01,No,0.16,No,20,50.0,No
336,"seq_epochs_()_num_343",0.99,Yes,0.52,Yes,1.0,Yes,0.87,Yes,0.18,No,20,50.0,No
337,"seq_epochs_()_num_344",0.2,No,0.21,No,0.16,No,0.17,No,0.95,Yes,20,50.0,No
338,"seq_epochs_()_num_345",0.38,No,0.02,No,0.05,No,1.0,Yes,0.99,Yes,20,50.0,No
339,"seq_epochs_()_num_346",0.68,Yes,0.5,Yes,1.0,Yes,0.99,Yes,0.97,Yes,20,50.0,No
340,"seq_epochs_()_num_347",0.6,Yes,0.03,No,0.08,No,0.99,Yes,0.99,Yes,20,50.0,No
341,"seq_epochs_()_num_348",0.99,Yes,0.8,Yes,1.0,Yes,1.0,Yes,0.84,Yes,20,50.0,Yes
342,"seq_epochs_()_num_349",0.33,No,0.0,No,0.29,No,0.96,Yes,0.99,Yes,20,50.0,No
343,"seq_epochs_()_num_350",0.1,No,0.02,No,0.02,No,0.59,Yes,0.92,Yes,20,50.0,No
344,"seq_epochs_()_num_351",0.24,No,0.33,No,0.87,Yes,0.99,Yes,1.0,Yes,20,50.0,Yes
345,"seq_epochs_()_num_352",1.0,Yes,0.39,No,0.96,Yes,1.0,Yes,0.94,Yes,20,50.0,Yes
346,"seq_epochs_()_num_353",1.0,Yes,0.75,Yes,1.0,Yes,1.0,Yes,0.93,Yes,20,50.0,Yes
347,"seq_epochs_()_num_354",1.0,Yes,0.53,Yes,1.0,Yes,1.0,Yes,0.97,Yes,20,50.0,No
348,"seq_epochs_()_num_355",0.06,No,0.0,No,0.01,No,0.02,No,0.92,Yes,20,50.0,No
349,"seq_epochs_()_num_356",0.99,Yes,0.94,Yes,1.0,Yes,1.0,Yes,0.91,Yes,20,50.0,No
350,"seq_epochs_()_num_357",1.0,Yes,0.93,Yes,1.0,Yes,1.0,Yes,0.91,Yes,20,50.0,No
351,"seq_epochs_()_num_358",1.0,Yes,0.97,Yes,0.96,Yes,1.0,Yes,0.86,Yes,20,50.0,No
352,"seq_epochs_()_num_359",0.98,Yes,0.8,Yes,0.99,Yes,0.99,Yes,0.91,Yes,20,50.0,No
353,"seq_epochs_()_num_360",1.0,Yes,0.36,No,1.0,Yes,1.0,Yes,0.19,No,20,50.0,No
354,"seq_epochs_()_num_361",0.55,Yes,0.48,No,0.99,Yes,0.77,Yes,0.94,Yes,20,50.0,Yes
355,"seq_epochs_()_num_362",1.0,Yes,0.5,Yes,0.99,Yes,1.0,Yes,0.51,Yes,20,50.0,No
356,"seq_epochs_()_num_363",0.12,No,0.02,No,0.46,No,0.71,Yes,0.99,Yes,20,50.0,No
357,"seq_epochs_()_num_364",0.83,Yes,0.79,Yes,0.87,Yes,0.98,Yes,0.79,Yes,20,50.0,No
358,"seq_epochs_()_num_365",0.03,No,0.42,No,0.11,No,0.03,No,0.71,Yes,20,50.0,No
359,"seq_epochs_()_num_366",0.06,No,0.02,No,0.83,Yes,0.84,Yes,0.98,Yes,20,50.0,No
360,"seq_epochs_()_num_367",1.0,Yes,0.53,Yes,0.99,Yes,0.98,Yes,0.49,No,20,50.0,No
361,"seq_epochs_()_num_368",0.99,Yes,0.48,No,0.95,Yes,0.99,Yes,0.55,Yes,20,50.0,Yes
362,"seq_epochs_()_num_369",1.0,Yes,0.53,Yes,1.0,Yes,0.99,Yes,0.19,No,20,50.0,No
363,"seq_epochs_()_num_370",0.24,No,0.7,Yes,1.0,Yes,0.97,Yes,0.5,Yes,20,50.0,No
364,"seq_epochs_()_num_371",1.0,Yes,0.35,No,0.95,Yes,1.0,Yes,0.96,Yes,20,50.0,No
365,"seq_epochs_()_num_373",0.03,No,0.03,No,0.16,No,0.4,No,0.89,Yes,20,50.0,No
366,"seq_epochs_()_num_374",0.05,No,0.01,No,0.06,No,0.2,No,0.97,Yes,20,50.0,No
367,"seq_epochs_()_num_375",0.03,No,0.03,No,0.2,No,0.17,No,0.97,Yes,20,50.0,No
368,"seq_epochs_()_num_376",0.22,No,0.28,No,0.17,No,0.92,Yes,0.71,Yes,20,50.0,No
369,"seq_epochs_()_num_377",0.99,Yes,0.36,No,1.0,Yes,0.99,Yes,0.73,Yes,20,50.0,No
370,"seq_epochs_()_num_378",0.43,No,0.35,No,0.71,Yes,0.48,No,0.69,Yes,20,50.0,No
371,"seq_epochs_()_num_379",0.04,No,0.07,No,0.18,No,0.82,Yes,0.98,Yes,20,50.0,No
372,"seq_epochs_()_num_380",0.36,No,0.04,No,0.01,No,0.92,Yes,0.94,Yes,20,50.0,Yes
373,"seq_epochs_()_num_381",1.0,Yes,0.97,Yes,1.0,Yes,1.0,Yes,1.0,Yes,20,50.0,Yes
374,"seq_epochs_()_num_382",1.0,Yes,1.0,Yes,1.0,Yes,0.99,Yes,0.68,Yes,20,50.0,No
375,"seq_epochs_()_num_383",0.1,No,0.04,No,0.1,No,0.59,Yes,0.97,Yes,20,50.0,No
376,"seq_epochs_()_num_384",0.94,Yes,0.54,Yes,0.92,Yes,0.82,Yes,0.36,No,20,50.0,No
377,"seq_epochs_()_num_385",1.0,Yes,0.51,Yes,0.98,Yes,0.99,Yes,0.79,Yes,20,50.0,No
378,"seq_epochs_()_num_386",0.37,No,0.01,No,0.46,No,0.72,Yes,0.97,Yes,20,50.0,Yes
379,"seq_epochs_()_num_387",0.97,Yes,0.53,Yes,1.0,Yes,1.0,Yes,1.0,Yes,20,50.0,No
380,"seq_epochs_()_num_388",0.93,Yes,0.24,No,0.24,No,0.84,Yes,0.94,Yes,20,50.0,Yes
381,"seq_epochs_()_num_389",0.11,No,0.18,No,0.14,No,0.07,No,0.89,Yes,20,50.0,No
382,"seq_epochs_()_num_390",0.94,Yes,0.02,No,0.14,No,0.56,Yes,0.79,Yes,20,50.0,No
383,"seq_epochs_()_num_391",0.95,Yes,0.3,No,0.96,Yes,0.95,Yes,0.9,Yes,20,50.0,No
384,"seq_epochs_()_num_392",0.98,Yes,0.52,Yes,0.98,Yes,0.24,No,0.8,Yes,20,50.0,No
385,"seq_epochs_()_num_393",0.15,No,0.07,No,0.41,No,0.96,Yes,0.94,Yes,20,50.0,No
386,"seq_epochs_()_num_394",0.84,Yes,0.5,No,0.79,Yes,0.96,Yes,0.87,Yes,20,50.0,No
387,"seq_epochs_()_num_395",0.99,Yes,0.99,Yes,0.94,Yes,1.0,Yes,0.95,Yes,20,50.0,Yes
388,"seq_epochs_()_num_396",1.0,Yes,0.54,Yes,1.0,Yes,0.86,Yes,0.35,No,20,50.0,No
389,"seq_epochs_()_num_397",0.13,No,0.03,No,0.08,No,0.17,No,0.89,Yes,20,50.0,Yes
390,"seq_epochs_()_num_398",0.99,Yes,0.54,Yes,0.97,Yes,0.99,Yes,0.97,Yes,20,50.0,No
391,"seq_epochs_()_num_399",1.0,Yes,1.0,Yes,1.0,Yes,1.0,Yes,0.73,Yes,20,50.0,Yes
392,"seq_epochs_()_num_400",0.99,Yes,0.33,No,1.0,Yes,1.0,Yes,0.9,Yes,20,50.0,No
393,"seq_epochs_()_num_401",0.15,No,0.04,No,0.69,Yes,0.62,Yes,0.82,Yes,20,50.0,No
394,"seq_epochs_()_num_402",1.0,Yes,0.99,Yes,1.0,Yes,0.98,Yes,1.0,Yes,20,50.0,Yes
395,"seq_epochs_()_num_403",0.05,No,0.01,No,0.03,No,0.08,No,0.79,Yes,20,50.0,No
396,"seq_epochs_()_num_404",1.0,Yes,0.51,Yes,0.98,Yes,0.98,Yes,0.66,Yes,20,50.0,No
397,"seq_epochs_()_num_405",0.45,No,0.01,No,0.19,No,0.96,Yes,0.92,Yes,20,50.0,Yes
398,"seq_epochs_()_num_406",0.79,Yes,0.54,Yes,0.52,Yes,0.96,Yes,0.32,No,20,50.0,No
399,"seq_epochs_()_num_407",0.1,No,0.69,Yes,0.66,Yes,0.87,Yes,0.96,Yes,20,50.0,No
400,"seq_epochs_()_num_408",1.0,Yes,0.58,Yes,1.0,Yes,1.0,Yes,0.97,Yes,20,50.0,Yes
401,"seq_epochs_()_num_409",0.89,Yes,0.93,Yes,1.0,Yes,1.0,Yes,0.98,Yes,20,50.0,Yes
402,"seq_epochs_()_num_410",0.09,No,0.0,No,0.24,No,0.22,No,0.98,Yes,20,50.0,Yes
403,"seq_epochs_()_num_411",1.0,Yes,0.5,Yes,1.0,Yes,1.0,Yes,0.94,Yes,20,50.0,No
404,"seq_epochs_()_num_412",0.03,No,0.23,No,0.5,No,0.59,Yes,0.93,Yes,20,50.0,No
405,"seq_epochs_()_num_413",0.16,No,0.0,No,0.11,No,0.28,No,0.68,Yes,20,50.0,No
406,"seq_epochs_()_num_414",0.63,Yes,0.28,No,0.11,No,0.95,Yes,0.43,No,20,50.0,No
407,"seq_epochs_()_num_415",0.99,Yes,0.96,Yes,1.0,Yes,0.98,Yes,1.0,Yes,20,50.0,No
408,"seq_epochs_()_num_416",0.16,No,0.01,No,0.09,No,0.25,No,0.77,Yes,20,50.0,No
409,"seq_epochs_()_num_417",0.25,No,0.01,No,0.13,No,0.32,No,0.96,Yes,20,50.0,No
410,"seq_epochs_()_num_418",0.03,No,0.02,No,0.1,No,0.49,No,0.96,Yes,20,50.0,No
411,"seq_epochs_()_num_419",0.91,Yes,0.32,No,0.9,Yes,1.0,Yes,0.99,Yes,20,50.0,No
412,"seq_epochs_()_num_420",1.0,Yes,0.77,Yes,1.0,Yes,1.0,Yes,0.98,Yes,20,50.0,Yes
413,"seq_epochs_()_num_421",0.25,No,0.18,No,0.57,Yes,0.46,No,0.96,Yes,20,50.0,No
414,"seq_epochs_()_num_422",1.0,Yes,0.51,Yes,0.99,Yes,1.0,Yes,0.49,No,20,50.0,No
415,"seq_epochs_()_num_423",1.0,Yes,0.91,Yes,1.0,Yes,1.0,Yes,0.03,No,20,50.0,Yes
416,"seq_epochs_()_num_424",0.99,Yes,0.7,Yes,1.0,Yes,1.0,Yes,0.55,Yes,20,50.0,No
417,"seq_epochs_()_num_425",0.14,No,0.03,No,0.79,Yes,0.46,No,0.98,Yes,20,50.0,Yes
418,"seq_epochs_()_num_426",0.94,Yes,0.75,Yes,1.0,Yes,0.97,Yes,0.99,Yes,20,50.0,Yes
419,"seq_epochs_()_num_427",0.99,Yes,0.54,Yes,0.97,Yes,1.0,Yes,0.97,Yes,20,50.0,No
420,"seq_epochs_()_num_428",0.78,Yes,0.38,No,0.95,Yes,0.91,Yes,0.28,No,20,50.0,No
421,"seq_epochs_()_num_429",0.02,No,0.01,No,0.12,No,0.54,Yes,0.96,Yes,20,50.0,No
422,"seq_epochs_()_num_430",0.75,Yes,0.24,No,0.47,No,0.93,Yes,0.69,Yes,20,50.0,No
423,"seq_epochs_()_num_431",1.0,Yes,0.52,Yes,1.0,Yes,1.0,Yes,0.8,Yes,20,50.0,Yes
424,"seq_epochs_()_num_432",1.0,Yes,0.75,Yes,0.98,Yes,1.0,Yes,0.85,Yes,20,50.0,Yes
425,"seq_epochs_()_num_433",0.44,No,0.03,No,0.22,No,0.99,Yes,0.92,Yes,20,50.0,No
426,"seq_epochs_()_num_434",0.58,Yes,0.34,No,0.04,No,0.87,Yes,0.08,No,20,50.0,No
427,"seq_epochs_()_num_435",0.85,Yes,0.75,Yes,0.96,Yes,1.0,Yes,0.95,Yes,20,50.0,Yes
428,"seq_epochs_()_num_436",0.46,No,0.0,No,0.02,No,0.33,No,0.99,Yes,20,50.0,No
429,"seq_epochs_()_num_437",1.0,Yes,0.35,No,0.97,Yes,1.0,Yes,0.99,Yes,20,50.0,No
430,"seq_epochs_()_num_438",0.35,No,0.08,No,0.91,Yes,0.89,Yes,0.91,Yes,20,50.0,No
431,"seq_epochs_()_num_439",0.97,Yes,0.56,Yes,0.99,Yes,0.92,Yes,0.92,Yes,20,50.0,No
432,"seq_epochs_()_num_440",0.99,Yes,0.94,Yes,0.96,Yes,0.91,Yes,0.85,Yes,20,50.0,Yes
433,"seq_epochs_()_num_441",1.0,Yes,0.99,Yes,1.0,Yes,1.0,Yes,0.81,Yes,20,50.0,Yes
434,"seq_epochs_()_num_442",0.12,No,0.0,No,0.03,No,0.48,No,0.91,Yes,20,50.0,Yes
435,"seq_epochs_()_num_443",0.19,No,0.02,No,0.08,No,0.8,Yes,0.96,Yes,20,50.0,No
436,"seq_epochs_()_num_444",0.11,No,0.0,No,0.01,No,0.02,No,0.94,Yes,20,50.0,No
437,"seq_epochs_()_num_445",0.65,Yes,0.55,Yes,0.87,Yes,0.87,Yes,0.99,Yes,20,50.0,Yes
438,"seq_epochs_()_num_446",0.67,Yes,0.51,Yes,0.59,Yes,0.99,Yes,0.22,No,20,50.0,No
439,"seq_epochs_()_num_447",0.98,Yes,0.51,Yes,1.0,Yes,1.0,Yes,1.0,Yes,20,50.0,No
440,"seq_epochs_()_num_448",1.0,Yes,0.99,Yes,1.0,Yes,0.99,Yes,0.84,Yes,20,50.0,No
441,"seq_epochs_()_num_449",0.36,No,0.07,No,0.38,No,0.97,Yes,0.68,Yes,20,50.0,Yes
442,"seq_epochs_()_num_450",0.99,Yes,0.7,Yes,0.98,Yes,0.92,Yes,0.88,Yes,20,50.0,No
443,"seq_epochs_()_num_451",0.5,Yes,0.24,No,0.88,Yes,0.37,No,0.42,No,20,50.0,No
444,"seq_epochs_()_num_452",0.12,No,0.02,No,0.18,No,0.01,No,0.97,Yes,20,50.0,No
445,"seq_epochs_()_num_453",0.02,No,0.01,No,0.15,No,0.69,Yes,0.99,Yes,20,50.0,No
446,"seq_epochs_()_num_454",0.99,Yes,0.81,Yes,0.7,Yes,0.99,Yes,0.94,Yes,20,50.0,No
447,"seq_epochs_()_num_455",1.0,Yes,0.99,Yes,1.0,Yes,0.95,Yes,0.96,Yes,20,50.0,Yes
448,"seq_epochs_()_num_456",0.91,Yes,0.57,Yes,0.97,Yes,1.0,Yes,0.98,Yes,20,50.0,No
449,"seq_epochs_()_num_457",0.67,Yes,0.01,No,0.28,No,0.95,Yes,0.93,Yes,20,50.0,No
450,"seq_epochs_()_num_458",1.0,Yes,0.79,Yes,1.0,Yes,1.0,Yes,0.98,Yes,20,50.0,Yes
451,"seq_epochs_()_num_459",0.03,No,0.03,No,0.06,No,0.9,Yes,0.9,Yes,20,50.0,No
452,"seq_epochs_()_num_460",1.0,Yes,0.13,No,0.79,Yes,1.0,Yes,0.99,Yes,20,50.0,Yes
453,"seq_epochs_()_num_461",0.78,Yes,0.81,Yes,0.99,Yes,1.0,Yes,0.94,Yes,20,50.0,Yes
454,"seq_epochs_()_num_462",0.98,Yes,0.34,No,1.0,Yes,1.0,Yes,0.99,Yes,20,50.0,No
455,"seq_epochs_()_num_463",0.11,No,0.01,No,0.19,No,0.4,No,0.97,Yes,20,50.0,Yes
456,"seq_epochs_()_num_464",0.22,No,0.07,No,0.42,No,0.82,Yes,0.89,Yes,20,50.0,No
457,"seq_epochs_()_num_465",0.96,Yes,0.36,No,0.98,Yes,1.0,Yes,0.71,Yes,20,50.0,Yes
458,"seq_epochs_()_num_466",0.78,Yes,0.22,No,0.07,No,0.11,No,0.94,Yes,20,50.0,Yes
459,"seq_epochs_()_num_467",1.0,Yes,0.34,No,0.97,Yes,1.0,Yes,1.0,Yes,20,50.0,No
460,"seq_epochs_()_num_468",0.55,Yes,0.32,No,0.7,Yes,0.82,Yes,0.97,Yes,20,50.0,No
461,"seq_epochs_()_num_469",0.28,No,0.91,Yes,1.0,Yes,1.0,Yes,0.91,Yes,20,50.0,No
462,"seq_epochs_()_num_470",0.68,Yes,0.27,No,0.82,Yes,1.0,Yes,0.82,Yes,20,50.0,Yes
463,"seq_epochs_()_num_471",0.87,Yes,0.44,No,0.46,No,0.92,Yes,0.89,Yes,20,50.0,Yes
464,"seq_epochs_()_num_472",0.87,Yes,0.95,Yes,0.94,Yes,0.96,Yes,0.13,No,20,50.0,Yes
465,"seq_epochs_()_num_473",0.99,Yes,1.0,Yes,1.0,Yes,1.0,Yes,0.9,Yes,20,50.0,Yes
466,"seq_epochs_()_num_474",0.86,Yes,0.52,Yes,1.0,Yes,1.0,Yes,0.99,Yes,20,50.0,Yes
467,"seq_epochs_()_num_475",0.88,Yes,0.05,No,0.91,Yes,0.99,Yes,0.96,Yes,20,50.0,Yes
468,"seq_epochs_()_num_476",1.0,Yes,0.59,Yes,0.99,Yes,1.0,Yes,0.93,Yes,20,50.0,Yes
469,"seq_epochs_()_num_477",1.0,Yes,0.52,Yes,1.0,Yes,1.0,Yes,0.99,Yes,20,50.0,Yes
470,"seq_epochs_()_num_478",0.82,Yes,0.96,Yes,0.73,Yes,0.7,Yes,0.86,Yes,20,50.0,Yes
471,"seq_epochs_()_num_479",0.54,Yes,0.14,No,0.14,No,0.9,Yes,0.59,Yes,20,50.0,No
472,"seq_epochs_()_num_480",0.97,Yes,0.51,Yes,1.0,Yes,1.0,Yes,0.98,Yes,20,50.0,No
473,"seq_epochs_()_num_481",0.43,No,0.33,No,0.86,Yes,0.92,Yes,0.7,Yes,20,50.0,No
474,"seq_epochs_()_num_482",0.92,Yes,0.04,No,0.31,No,0.76,Yes,0.9,Yes,20,50.0,No
475,"seq_epochs_()_num_483",1.0,Yes,1.0,Yes,1.0,Yes,0.98,Yes,0.18,No,20,50.0,No
476,"seq_epochs_()_num_484",0.98,Yes,0.33,No,0.95,Yes,0.66,Yes,0.98,Yes,20,50.0,Yes
477,"seq_epochs_()_num_485",0.34,No,0.34,No,0.96,Yes,1.0,Yes,0.94,Yes,20,50.0,Yes
478,"seq_epochs_()_num_486",0.08,No,0.01,No,0.09,No,0.99,Yes,0.99,Yes,20,50.0,No
479,"seq_epochs_()_num_487",1.0,Yes,0.81,Yes,1.0,Yes,0.97,Yes,0.95,Yes,20,50.0,Yes
480,"seq_epochs_()_num_488",0.71,Yes,0.04,No,0.17,No,0.36,No,0.98,Yes,20,50.0,Yes
481,"seq_epochs_()_num_489",0.98,Yes,0.34,No,0.97,Yes,0.75,Yes,0.52,Yes,20,50.0,No
482,"seq_epochs_()_num_490",0.89,Yes,0.63,Yes,0.51,Yes,0.26,No,0.18,No,20,50.0,Yes
483,"seq_epochs_()_num_491",1.0,Yes,0.74,Yes,1.0,Yes,1.0,Yes,0.8,Yes,20,50.0,Yes
484,"seq_epochs_()_num_492",1.0,Yes,0.95,Yes,1.0,Yes,1.0,Yes,1.0,Yes,20,50.0,Yes
485,"seq_epochs_()_num_493",0.99,Yes,0.72,Yes,1.0,Yes,0.98,Yes,0.72,Yes,20,50.0,Yes
486,"seq_epochs_()_num_495",1.0,Yes,1.0,Yes,1.0,Yes,1.0,Yes,0.98,Yes,20,50.0,Yes
487,"seq_epochs_()_num_496",0.05,No,0.03,No,0.11,No,0.47,No,0.52,Yes,20,50.0,No
488,"seq_epochs_()_num_497",0.88,Yes,0.34,No,0.99,Yes,0.92,Yes,0.4,No,20,50.0,Yes
489,"seq_epochs_()_num_498",0.99,Yes,0.49,No,0.39,No,0.99,Yes,0.86,Yes,20,50.0,Yes
490,"seq_epochs_()_num_499",0.26,No,0.02,No,0.27,No,0.15,No,0.96,Yes,20,50.0,No
491,"seq_epochs_()_num_500",1.0,Yes,0.93,Yes,1.0,Yes,1.0,Yes,0.87,Yes,20,50.0,Yes
492,"seq_epochs_()_num_501",0.03,No,0.0,No,0.13,No,0.68,Yes,0.98,Yes,20,50.0,No
493,"seq_epochs_()_num_502",1.0,Yes,0.99,Yes,1.0,Yes,1.0,Yes,0.99,Yes,20,50.0,Yes
494,"seq_epochs_()_num_503",0.19,No,0.03,No,0.1,No,0.55,Yes,1.0,Yes,20,50.0,No
495,"seq_epochs_()_num_504",0.47,Yes,0.08,No,0.3,No,0.97,Yes,0.99,Yes,20,50.0,No
496,"seq_epochs_()_num_505",1.0,Yes,0.41,No,1.0,Yes,0.56,Yes,0.12,No,20,50.0,No
497,"seq_epochs_()_num_506",0.82,Yes,0.37,No,0.8,Yes,0.78,Yes,0.71,Yes,20,50.0,No
498,"seq_epochs_()_num_507",0.8,Yes,0.6,Yes,0.98,Yes,0.85,Yes,0.98,Yes,20,50.0,No
499,"seq_epochs_()_num_508",0.15,No,0.02,No,0.1,No,0.77,Yes,0.96,Yes,20,50.0,No
500,"seq_epochs_()_num_509",0.93,Yes,0.52,Yes,0.62,Yes,0.22,No,0.92,Yes,20,50.0,No
501,"seq_epochs_()_num_510",0.48,Yes,0.24,No,0.69,Yes,0.6,Yes,0.93,Yes,20,50.0,No
502,"seq_epochs_()_num_511",0.98,Yes,0.78,Yes,1.0,Yes,1.0,Yes,0.97,Yes,20,50.0,Yes
503,"seq_epochs_()_num_512",0.15,No,0.18,No,0.11,No,0.5,Yes,0.96,Yes,20,50.0,No
504,"seq_epochs_()_num_513",0.51,Yes,0.05,No,0.14,No,0.94,Yes,1.0,Yes,20,50.0,No
505,"seq_epochs_()_num_514",0.94,Yes,0.42,No,0.99,Yes,1.0,Yes,1.0,Yes,20,50.0,No
506,"seq_epochs_()_num_515",0.13,No,0.01,No,0.77,Yes,0.9,Yes,0.98,Yes,20,50.0,No
507,"seq_epochs_()_num_516",1.0,Yes,0.79,Yes,1.0,Yes,1.0,Yes,0.91,Yes,20,50.0,Yes
508,"seq_epochs_()_num_517",0.96,Yes,0.32,No,0.9,Yes,1.0,Yes,0.21,No,20,50.0,No
509,"seq_epochs_()_num_518",0.06,No,0.18,No,0.21,No,0.16,No,0.95,Yes,20,50.0,No
510,"seq_epochs_()_num_519",0.08,No,0.02,No,0.21,No,0.41,No,0.96,Yes,20,50.0,No
511,"seq_epochs_()_num_520",0.01,No,0.01,No,0.01,No,0.51,Yes,0.59,Yes,20,50.0,No
512,"seq_epochs_()_num_521",0.16,No,0.0,No,0.03,No,0.09,No,0.98,Yes,20,50.0,No
513,"seq_epochs_()_num_522",1.0,Yes,0.34,No,0.79,Yes,0.78,Yes,0.66,Yes,20,50.0,No
514,"seq_epochs_()_num_523",0.99,Yes,0.51,Yes,1.0,Yes,1.0,Yes,0.99,Yes,20,50.0,Yes
515,"seq_epochs_()_num_524",0.11,No,0.3,No,0.88,Yes,0.84,Yes,0.97,Yes,20,50.0,Yes
516,"seq_epochs_()_num_525",1.0,Yes,0.99,Yes,1.0,Yes,0.99,Yes,0.95,Yes,20,50.0,Yes
517,"seq_epochs_()_num_526",0.52,Yes,0.31,No,0.97,Yes,0.99,Yes,0.94,Yes,20,50.0,No
518,"seq_epochs_()_num_527",0.98,Yes,0.35,No,0.86,Yes,0.95,Yes,0.99,Yes,20,50.0,No
519,"seq_epochs_()_num_528",0.07,No,0.03,No,0.24,No,0.69,Yes,0.96,Yes,20,50.0,No
520,"seq_epochs_()_num_529",0.17,No,0.01,No,0.28,No,0.51,Yes,0.95,Yes,20,50.0,No
521,"seq_epochs_()_num_530",0.13,No,0.17,No,0.28,No,0.62,Yes,0.95,Yes,20,50.0,Yes
522,"seq_epochs_()_num_531",0.46,No,0.13,No,0.71,Yes,0.4,No,0.88,Yes,20,50.0,No
523,"seq_epochs_()_num_532",0.74,Yes,0.11,No,0.44,No,1.0,Yes,0.9,Yes,20,50.0,Yes
524,"seq_epochs_()_num_533",0.95,Yes,0.47,No,0.94,Yes,0.99,Yes,0.98,Yes,20,50.0,Yes
525,"seq_epochs_()_num_534",0.98,Yes,0.71,Yes,1.0,Yes,1.0,Yes,0.98,Yes,20,50.0,No
526,"seq_epochs_()_num_535",0.15,No,0.03,No,0.23,No,0.9,Yes,0.99,Yes,20,50.0,No
527,"seq_epochs_()_num_536",0.8,Yes,0.23,No,0.27,No,0.98,Yes,0.74,Yes,20,50.0,No
528,"seq_epochs_()_num_537",0.09,No,0.11,No,0.73,Yes,0.78,Yes,0.75,Yes,20,50.0,No
529,"seq_epochs_()_num_538",0.41,No,0.19,No,0.8,Yes,0.28,No,0.96,Yes,20,50.0,Yes
530,"seq_epochs_()_num_539",0.39,No,0.25,No,0.64,Yes,0.4,No,0.9,Yes,20,50.0,No
531,"seq_epochs_()_num_540",0.86,Yes,1.0,Yes,0.99,Yes,1.0,Yes,0.99,Yes,20,50.0,Yes
532,"seq_epochs_()_num_542",0.95,Yes,0.99,Yes,0.99,Yes,0.99,Yes,0.97,Yes,20,50.0,No
533,"seq_epochs_()_num_543",0.99,Yes,0.95,Yes,1.0,Yes,0.94,Yes,0.05,No,20,50.0,No
534,"seq_epochs_()_num_544",0.92,Yes,0.95,Yes,0.91,Yes,1.0,Yes,0.66,Yes,20,50.0,No
535,"seq_epochs_()_num_545",0.81,Yes,0.27,No,0.41,No,1.0,Yes,0.95,Yes,20,50.0,Yes
536,"seq_epochs_()_num_546",1.0,Yes,0.51,Yes,1.0,Yes,1.0,Yes,0.72,Yes,20,50.0,No
537,"seq_epochs_()_num_547",0.8,Yes,0.34,No,0.65,Yes,0.86,Yes,0.95,Yes,20,50.0,No
538,"seq_epochs_()_num_548",1.0,Yes,0.35,No,0.9,Yes,1.0,Yes,0.67,Yes,20,50.0,Yes
539,"seq_epochs_()_num_549",1.0,Yes,0.34,No,0.74,Yes,1.0,Yes,0.99,Yes,20,50.0,Yes
540,"seq_epochs_()_num_550",0.07,No,0.01,No,0.05,No,0.15,No,0.96,Yes,20,50.0,No
541,"seq_epochs_()_num_551",0.39,No,0.56,Yes,0.97,Yes,0.92,Yes,0.96,Yes,20,50.0,No
542,"seq_epochs_()_num_552",0.24,No,0.25,No,0.58,Yes,0.94,Yes,0.46,No,20,50.0,No
543,"seq_epochs_()_num_553",0.31,No,0.0,No,0.05,No,0.81,Yes,0.9,Yes,20,50.0,Yes
544,"seq_epochs_()_num_554",0.93,Yes,0.35,No,0.86,Yes,0.97,Yes,0.51,Yes,20,50.0,No
545,"seq_epochs_()_num_555",1.0,Yes,0.96,Yes,1.0,Yes,1.0,Yes,0.98,Yes,20,50.0,Yes
546,"seq_epochs_()_num_556",0.76,Yes,0.48,No,0.79,Yes,0.92,Yes,0.96,Yes,20,50.0,Yes
547,"seq_epochs_()_num_557",0.09,No,0.02,No,0.01,No,0.45,No,0.98,Yes,20,50.0,No
548,"seq_epochs_()_num_558",0.08,No,0.01,No,0.11,No,0.3,No,0.89,Yes,20,50.0,Yes
549,"seq_epochs_()_num_559",0.35,No,0.02,No,0.12,No,0.9,Yes,0.87,Yes,20,50.0,No
550,"seq_epochs_()_num_560",0.49,Yes,0.14,No,0.58,Yes,0.88,Yes,0.79,Yes,20,50.0,Yes
551,"seq_epochs_()_num_561",0.75,Yes,0.55,Yes,1.0,Yes,0.98,Yes,0.74,Yes,20,50.0,No
552,"seq_epochs_()_num_562",0.27,No,0.33,No,0.83,Yes,0.97,Yes,0.93,Yes,20,50.0,No
553,"seq_epochs_()_num_563",0.92,Yes,0.95,Yes,0.99,Yes,0.99,Yes,1.0,Yes,20,50.0,No
554,"seq_epochs_()_num_565",0.47,Yes,0.47,No,0.48,No,0.99,Yes,0.96,Yes,20,50.0,No
555,"seq_epochs_()_num_566",0.09,No,0.04,No,0.57,Yes,0.65,Yes,0.91,Yes,20,50.0,No
556,"seq_epochs_()_num_567",0.8,Yes,0.08,No,0.21,No,0.95,Yes,0.55,Yes,20,50.0,Yes
557,"seq_epochs_()_num_568",0.99,Yes,0.96,Yes,1.0,Yes,0.99,Yes,0.98,Yes,20,50.0,Yes
558,"seq_epochs_()_num_569",0.92,Yes,0.51,Yes,0.9,Yes,0.31,No,0.98,Yes,20,50.0,Yes
559,"seq_epochs_()_num_570",1.0,Yes,0.96,Yes,1.0,Yes,1.0,Yes,0.97,Yes,20,50.0,Yes
560,"seq_epochs_()_num_571",0.03,No,0.0,No,0.03,No,0.91,Yes,0.93,Yes,20,50.0,No
561,"seq_epochs_()_num_572",0.08,No,0.03,No,0.13,No,0.17,No,0.98,Yes,20,50.0,No
562,"seq_epochs_()_num_573",0.93,Yes,0.08,No,0.96,Yes,1.0,Yes,0.57,Yes,20,50.0,No
563,"seq_epochs_()_num_574",1.0,Yes,1.0,Yes,1.0,Yes,1.0,Yes,0.86,Yes,20,50.0,Yes
564,"seq_epochs_()_num_575",0.98,Yes,0.52,Yes,1.0,Yes,0.99,Yes,0.85,Yes,20,50.0,Yes
565,"seq_epochs_()_num_576",1.0,Yes,0.92,Yes,0.99,Yes,1.0,Yes,0.98,Yes,20,50.0,Yes
566,"seq_epochs_()_num_577",0.11,No,0.01,No,0.03,No,0.6,Yes,0.96,Yes,20,50.0,No
567,"seq_epochs_()_num_578",0.98,Yes,1.0,Yes,1.0,Yes,1.0,Yes,0.99,Yes,20,50.0,Yes
568,"seq_epochs_()_num_579",0.69,Yes,0.56,Yes,0.63,Yes,0.09,No,0.94,Yes,20,50.0,No
569,"seq_epochs_()_num_580",0.04,No,0.02,No,0.03,No,0.43,No,0.87,Yes,20,50.0,No
570,"seq_epochs_()_num_582",0.91,Yes,0.5,Yes,0.98,Yes,0.94,Yes,0.62,Yes,20,50.0,Yes
571,"seq_epochs_()_num_583",0.07,No,0.07,No,0.28,No,0.41,No,0.71,Yes,20,50.0,No
572,"seq_epochs_()_num_584",0.99,Yes,0.34,No,0.78,Yes,0.99,Yes,0.9,Yes,20,50.0,No
573,"seq_epochs_()_num_585",1.0,Yes,1.0,Yes,1.0,Yes,1.0,Yes,0.98,Yes,20,50.0,Yes
574,"seq_epochs_()_num_586",0.7,Yes,0.06,No,0.61,Yes,0.79,Yes,0.98,Yes,20,50.0,No
575,"seq_epochs_()_num_587",1.0,Yes,1.0,Yes,1.0,Yes,1.0,Yes,0.84,Yes,20,50.0,No
576,"seq_epochs_()_num_588",0.2,No,0.01,No,0.14,No,0.17,No,0.93,Yes,20,50.0,Yes
577,"seq_epochs_()_num_589",1.0,Yes,0.96,Yes,1.0,Yes,1.0,Yes,0.52,Yes,20,50.0,Yes
578,"seq_epochs_()_num_590",0.99,Yes,0.51,Yes,1.0,Yes,1.0,Yes,0.69,Yes,20,50.0,Yes
579,"seq_epochs_()_num_591",0.99,Yes,0.6,Yes,0.99,Yes,1.0,Yes,0.57,Yes,20,50.0,No
580,"seq_epochs_()_num_592",0.97,Yes,0.42,No,0.95,Yes,0.25,No,0.01,No,20,50.0,Yes
581,"seq_epochs_()_num_593",0.98,Yes,0.51,Yes,0.05,No,0.97,Yes,0.98,Yes,20,50.0,No
582,"seq_epochs_()_num_594",0.2,No,0.14,No,0.65,Yes,0.64,Yes,0.27,No,20,50.0,No
583,"seq_epochs_()_num_595",0.99,Yes,0.7,Yes,1.0,Yes,0.97,Yes,0.49,No,20,50.0,No
584,"seq_epochs_()_num_596",0.46,No,0.03,No,0.09,No,0.74,Yes,0.29,No,20,50.0,No
585,"seq_epochs_()_num_597",0.02,No,0.0,No,0.02,No,0.19,No,0.74,Yes,20,50.0,No
586,"seq_epochs_()_num_598",1.0,Yes,0.54,Yes,1.0,Yes,1.0,Yes,0.04,No,20,50.0,No
587,"seq_epochs_()_num_599",0.09,No,0.03,No,0.25,No,0.81,Yes,0.65,Yes,20,50.0,No
588,"seq_epochs_()_num_600",0.41,No,0.5,Yes,0.16,No,0.86,Yes,0.76,Yes,20,50.0,No
589,"seq_epochs_()_num_601",1.0,Yes,0.95,Yes,1.0,Yes,0.99,Yes,0.96,Yes,20,50.0,No
590,"seq_epochs_()_num_602",0.02,No,0.01,No,0.04,No,0.23,No,0.84,Yes,20,50.0,No
591,"seq_epochs_()_num_603",0.99,Yes,0.98,Yes,1.0,Yes,1.0,Yes,0.99,Yes,20,50.0,Yes
592,"seq_epochs_()_num_604",0.15,No,0.0,No,0.06,No,0.13,No,0.86,Yes,20,50.0,No
593,"seq_epochs_()_num_605",0.85,Yes,0.56,Yes,0.62,Yes,0.97,Yes,0.36,No,20,50.0,No
594,"seq_epochs_()_num_606",0.9,Yes,0.51,Yes,0.98,Yes,0.96,Yes,0.98,Yes,20,50.0,Yes
595,"seq_epochs_()_num_607",0.99,Yes,0.53,Yes,0.98,Yes,0.99,Yes,0.65,Yes,20,50.0,No
596,"seq_epochs_()_num_608",0.09,No,0.11,No,0.27,No,0.09,No,0.95,Yes,20,50.0,No
597,"seq_epochs_()_num_609",0.21,No,0.03,No,0.34,No,0.51,Yes,0.83,Yes,20,50.0,No
598,"seq_epochs_()_num_610",0.99,Yes,0.34,No,0.85,Yes,0.47,No,0.79,Yes,20,50.0,No
599,"seq_epochs_()_num_611",0.98,Yes,0.57,Yes,0.89,Yes,0.93,Yes,0.91,Yes,20,50.0,No
600,"seq_epochs_()_num_612",0.38,No,0.28,No,0.71,Yes,0.44,No,0.98,Yes,20,50.0,Yes
601,"seq_epochs_()_num_613",1.0,Yes,0.76,Yes,1.0,Yes,1.0,Yes,0.69,Yes,20,50.0,No
602,"seq_epochs_()_num_614",0.97,Yes,0.51,Yes,0.98,Yes,0.96,Yes,0.9,Yes,20,50.0,Yes
603,"seq_epochs_()_num_615",0.07,No,0.12,No,0.4,No,0.96,Yes,0.94,Yes,20,50.0,No
604,"seq_epochs_()_num_616",0.62,Yes,0.51,Yes,0.98,Yes,0.88,Yes,0.92,Yes,20,50.0,No
605,"seq_epochs_()_num_617",0.75,Yes,0.35,No,0.73,Yes,0.95,Yes,0.98,Yes,20,50.0,Yes
606,"seq_epochs_()_num_618",0.62,Yes,0.15,No,0.09,No,0.92,Yes,0.94,Yes,20,50.0,No
607,"seq_epochs_()_num_619",0.15,No,0.01,No,0.31,No,0.59,Yes,0.96,Yes,20,50.0,No
608,"seq_epochs_()_num_620",1.0,Yes,0.56,Yes,1.0,Yes,1.0,Yes,0.97,Yes,20,50.0,Yes
609,"seq_epochs_()_num_621",1.0,Yes,0.53,Yes,0.99,Yes,1.0,Yes,0.87,Yes,20,50.0,No
610,"seq_epochs_()_num_622",0.98,Yes,0.34,No,0.72,Yes,0.93,Yes,0.87,Yes,20,50.0,Yes
611,"seq_epochs_()_num_624",0.81,Yes,0.27,No,0.94,Yes,0.84,Yes,0.15,No,20,50.0,No
612,"seq_epochs_()_num_625",1.0,Yes,0.51,Yes,1.0,Yes,0.99,Yes,0.92,Yes,20,50.0,Yes
613,"seq_epochs_()_num_626",0.99,Yes,0.5,Yes,0.99,Yes,1.0,Yes,0.99,Yes,20,50.0,Yes
614,"seq_epochs_()_num_627",0.99,Yes,0.98,Yes,1.0,Yes,1.0,Yes,0.99,Yes,20,50.0,Yes
615,"seq_epochs_()_num_628",0.99,Yes,0.33,No,0.88,Yes,0.98,Yes,0.88,Yes,20,50.0,No
616,"seq_epochs_()_num_629",0.94,Yes,0.42,No,0.32,No,0.66,Yes,0.7,Yes,20,50.0,Yes
617,"seq_epochs_()_num_630",0.14,No,0.01,No,0.06,No,0.12,No,0.96,Yes,20,50.0,No
618,"seq_epochs_()_num_631",0.78,Yes,0.06,No,0.53,Yes,0.99,Yes,0.99,Yes,20,50.0,No
619,"seq_epochs_()_num_632",1.0,Yes,0.76,Yes,1.0,Yes,1.0,Yes,0.9,Yes,20,50.0,No
620,"seq_epochs_()_num_633",0.97,Yes,0.31,No,0.88,Yes,0.99,Yes,0.11,No,20,50.0,No
621,"seq_epochs_()_num_634",0.95,Yes,0.46,No,0.76,Yes,0.4,No,0.86,Yes,20,50.0,No
622,"seq_epochs_()_num_635",1.0,Yes,0.99,Yes,0.97,Yes,1.0,Yes,0.7,Yes,20,50.0,Yes
623,"seq_epochs_()_num_636",1.0,Yes,0.77,Yes,0.98,Yes,0.99,Yes,0.92,Yes,20,50.0,Yes
624,"seq_epochs_()_num_637",0.8,Yes,0.07,No,0.76,Yes,0.97,Yes,0.98,Yes,20,50.0,Yes
625,"seq_epochs_()_num_638",1.0,Yes,0.96,Yes,1.0,Yes,1.0,Yes,0.68,Yes,20,50.0,Yes
626,"seq_epochs_()_num_639",1.0,Yes,0.36,No,1.0,Yes,0.84,Yes,0.95,Yes,20,50.0,No
627,"seq_epochs_()_num_640",0.69,Yes,0.5,Yes,0.57,Yes,0.99,Yes,0.37,No,20,50.0,No
628,"seq_epochs_()_num_641",0.92,Yes,0.49,No,0.85,Yes,1.0,Yes,0.77,Yes,20,50.0,Yes
629,"seq_epochs_()_num_643",0.03,No,0.02,No,0.17,No,0.46,No,0.98,Yes,20,50.0,No
630,"seq_epochs_()_num_644",0.1,No,0.06,No,0.46,No,0.63,Yes,0.92,Yes,20,50.0,No
631,"seq_epochs_()_num_645",0.09,No,0.05,No,0.04,No,0.2,No,0.93,Yes,20,50.0,No
632,"seq_epochs_()_num_646",1.0,Yes,0.97,Yes,0.97,Yes,1.0,Yes,0.7,Yes,20,50.0,Yes
633,"seq_epochs_()_num_647",0.94,Yes,0.68,Yes,1.0,Yes,0.61,Yes,0.9,Yes,20,50.0,No
634,"seq_epochs_()_num_648",0.77,Yes,0.33,No,0.53,Yes,0.69,Yes,0.46,No,20,50.0,No
635,"seq_epochs_()_num_649",0.08,No,0.01,No,0.4,No,0.61,Yes,0.98,Yes,20,50.0,Yes
636,"seq_epochs_()_num_650",1.0,Yes,0.51,Yes,1.0,Yes,1.0,Yes,0.99,Yes,20,50.0,No
637,"seq_epochs_()_num_651",0.92,Yes,0.2,No,0.87,Yes,0.55,Yes,0.79,Yes,20,50.0,No
638,"seq_epochs_()_num_652",0.03,No,0.0,No,0.24,No,0.07,No,0.88,Yes,20,50.0,No
639,"seq_epochs_()_num_653",0.99,Yes,0.79,Yes,0.99,Yes,1.0,Yes,0.97,Yes,20,50.0,No
640,"seq_epochs_()_num_654",0.05,No,0.04,No,0.27,No,0.38,No,0.96,Yes,20,50.0,No
641,"seq_epochs_()_num_655",0.33,No,0.02,No,0.36,No,0.86,Yes,0.82,Yes,20,50.0,No
642,"seq_epochs_()_num_656",0.22,No,0.57,Yes,0.57,Yes,0.95,Yes,0.04,No,20,50.0,No
643,"seq_epochs_()_num_657",0.18,No,0.23,No,0.26,No,0.83,Yes,0.99,Yes,20,50.0,No
644,"seq_epochs_()_num_658",0.85,Yes,0.28,No,0.9,Yes,0.86,Yes,0.49,No,20,50.0,No
645,"seq_epochs_()_num_659",0.03,No,0.05,No,0.04,No,0.4,No,0.94,Yes,20,50.0,No
646,"seq_epochs_()_num_660",0.13,No,0.27,No,0.33,No,0.18,No,0.14,No,20,50.0,No
647,"seq_epochs_()_num_661",1.0,Yes,1.0,Yes,1.0,Yes,0.89,Yes,0.95,Yes,20,50.0,Yes
648,"seq_epochs_()_num_662",1.0,Yes,0.33,No,0.98,Yes,1.0,Yes,0.98,Yes,20,50.0,Yes
649,"seq_epochs_()_num_663",0.06,No,0.17,No,0.03,No,0.1,No,0.08,No,20,50.0,Yes
650,"seq_epochs_()_num_664",0.96,Yes,0.54,Yes,1.0,Yes,1.0,Yes,0.98,Yes,20,50.0,No
651,"seq_epochs_()_num_665",0.97,Yes,0.46,No,0.67,Yes,0.19,No,0.94,Yes,20,50.0,No
652,"seq_epochs_()_num_666",0.22,No,0.49,No,0.87,Yes,0.99,Yes,0.99,Yes,20,50.0,No
653,"seq_epochs_()_num_667",0.1,No,0.21,No,0.24,No,0.18,No,0.96,Yes,20,50.0,Yes
654,"seq_epochs_()_num_668",1.0,Yes,0.99,Yes,1.0,Yes,0.99,Yes,0.72,Yes,20,50.0,No
655,"seq_epochs_()_num_669",0.59,Yes,0.03,No,0.83,Yes,0.91,Yes,0.97,Yes,20,50.0,Yes
656,"seq_epochs_()_num_670",1.0,Yes,0.53,Yes,1.0,Yes,1.0,Yes,0.84,Yes,20,50.0,Yes
657,"seq_epochs_()_num_671",0.07,No,0.0,No,0.02,No,0.93,Yes,0.76,Yes,20,50.0,No
658,"seq_epochs_()_num_672",0.03,No,0.02,No,0.04,No,0.47,No,0.97,Yes,20,50.0,No
659,"seq_epochs_()_num_673",0.4,No,0.09,No,0.86,Yes,0.91,Yes,0.96,Yes,20,50.0,Yes
660,"seq_epochs_()_num_674",1.0,Yes,0.74,Yes,1.0,Yes,0.96,Yes,0.96,Yes,20,50.0,No
661,"seq_epochs_()_num_675",0.38,No,0.03,No,0.02,No,0.55,Yes,0.65,Yes,20,50.0,Yes
662,"seq_epochs_()_num_676",0.99,Yes,0.97,Yes,1.0,Yes,1.0,Yes,0.98,Yes,20,50.0,No
663,"seq_epochs_()_num_677",0.45,No,0.59,Yes,0.17,No,0.93,Yes,0.09,No,20,50.0,No
664,"seq_epochs_()_num_678",0.97,Yes,0.91,Yes,0.99,Yes,1.0,Yes,1.0,Yes,20,50.0,Yes
665,"seq_epochs_()_num_679",0.41,No,0.82,Yes,0.25,No,0.99,Yes,0.65,Yes,20,50.0,No
666,"seq_epochs_()_num_680",0.51,Yes,0.23,No,0.61,Yes,0.96,Yes,0.74,Yes,20,50.0,Yes
667,"seq_epochs_()_num_681",0.89,Yes,0.55,Yes,1.0,Yes,1.0,Yes,0.92,Yes,20,50.0,No
668,"seq_epochs_()_num_682",0.13,No,0.01,No,0.56,Yes,0.03,No,0.93,Yes,20,50.0,No
669,"seq_epochs_()_num_683",1.0,Yes,1.0,Yes,1.0,Yes,1.0,Yes,0.92,Yes,20,50.0,Yes
670,"seq_epochs_()_num_684",1.0,Yes,1.0,Yes,1.0,Yes,1.0,Yes,0.88,Yes,20,50.0,Yes
671,"seq_epochs_()_num_685",0.4,No,0.03,No,0.61,Yes,0.87,Yes,0.97,Yes,20,50.0,No
672,"seq_epochs_()_num_686",0.92,Yes,0.53,Yes,0.96,Yes,0.95,Yes,0.44,No,20,50.0,No
673,"seq_epochs_()_num_687",0.14,No,0.04,No,0.03,No,0.08,No,0.16,No,20,50.0,No
674,"seq_epochs_()_num_688",0.84,Yes,0.49,No,0.91,Yes,0.85,Yes,0.49,No,20,50.0,No
675,"seq_epochs_()_num_689",0.35,No,0.07,No,0.6,Yes,0.75,Yes,0.74,Yes,20,50.0,No
676,"seq_epochs_()_num_690",0.71,Yes,0.19,No,0.44,No,0.88,Yes,0.94,Yes,20,50.0,Yes
677,"seq_epochs_()_num_691",0.05,No,0.01,No,0.25,No,1.0,Yes,0.8,Yes,20,50.0,No
678,"seq_epochs_()_num_692",0.05,No,0.02,No,0.4,No,0.85,Yes,0.99,Yes,20,50.0,No
679,"seq_epochs_()_num_693",0.09,No,0.19,No,0.29,No,0.25,No,0.82,Yes,20,50.0,No
680,"seq_epochs_()_num_694",0.76,Yes,0.02,No,0.04,No,0.11,No,0.92,Yes,20,50.0,No
681,"seq_epochs_()_num_695",1.0,Yes,1.0,Yes,1.0,Yes,0.99,Yes,0.82,Yes,20,50.0,No
682,"seq_epochs_()_num_696",0.1,No,0.01,No,0.1,No,0.31,No,0.94,Yes,20,50.0,No
683,"seq_epochs_()_num_697",1.0,Yes,0.71,Yes,0.86,Yes,0.98,Yes,0.36,No,20,50.0,No
684,"seq_epochs_()_num_698",0.06,No,0.37,No,0.56,Yes,0.06,No,0.25,No,20,50.0,No
685,"seq_epochs_()_num_700",0.99,Yes,0.48,No,0.99,Yes,0.94,Yes,0.97,Yes,20,50.0,Yes
686,"seq_epochs_()_num_701",0.09,No,0.03,No,0.08,No,0.09,No,0.91,Yes,20,50.0,Yes
687,"seq_epochs_()_num_702",1.0,Yes,0.51,Yes,0.98,Yes,1.0,Yes,1.0,Yes,20,50.0,Yes
688,"seq_epochs_()_num_703",0.99,Yes,0.4,No,1.0,Yes,1.0,Yes,0.98,Yes,20,50.0,Yes
689,"seq_epochs_()_num_704",0.35,No,0.05,No,0.68,Yes,0.99,Yes,0.98,Yes,20,50.0,No
690,"seq_epochs_()_num_705",0.32,No,0.01,No,0.55,Yes,0.99,Yes,0.99,Yes,20,50.0,No
691,"seq_epochs_()_num_706",1.0,Yes,0.56,Yes,1.0,Yes,1.0,Yes,0.99,Yes,20,50.0,Yes
692,"seq_epochs_()_num_707",1.0,Yes,0.95,Yes,0.99,Yes,0.95,Yes,0.96,Yes,20,50.0,Yes
693,"seq_epochs_()_num_708",0.21,No,0.42,No,0.35,No,0.28,No,0.96,Yes,20,50.0,No
694,"seq_epochs_()_num_709",1.0,Yes,0.53,Yes,1.0,Yes,0.97,Yes,0.98,Yes,20,50.0,No
695,"seq_epochs_()_num_710",1.0,Yes,0.69,Yes,1.0,Yes,0.99,Yes,0.97,Yes,20,50.0,Yes
696,"seq_epochs_()_num_711",0.63,Yes,0.11,No,0.16,No,0.74,Yes,0.71,Yes,20,50.0,No
697,"seq_epochs_()_num_712",0.14,No,0.01,No,0.76,Yes,0.93,Yes,0.95,Yes,20,50.0,Yes
698,"seq_epochs_()_num_713",0.63,Yes,0.21,No,0.84,Yes,0.92,Yes,0.84,Yes,20,50.0,No
699,"seq_epochs_()_num_714",0.07,No,0.06,No,0.01,No,0.28,No,0.87,Yes,20,50.0,No
700,"seq_epochs_()_num_715",0.66,Yes,0.37,No,0.04,No,0.1,No,0.92,Yes,20,50.0,No
701,"seq_epochs_()_num_716",1.0,Yes,0.53,Yes,0.84,Yes,1.0,Yes,0.79,Yes,20,50.0,Yes
702,"seq_epochs_()_num_717",1.0,Yes,1.0,Yes,1.0,Yes,0.99,Yes,0.83,Yes,20,50.0,No
703,"seq_epochs_()_num_718",0.47,No,0.06,No,0.95,Yes,0.9,Yes,0.97,Yes,20,50.0,No
704,"seq_epochs_()_num_720",1.0,Yes,0.94,Yes,1.0,Yes,1.0,Yes,0.77,Yes,20,50.0,Yes
705,"seq_epochs_()_num_721",0.92,Yes,0.78,Yes,1.0,Yes,0.92,Yes,0.78,Yes,20,50.0,No
706,"seq_epochs_()_num_722",0.28,No,0.16,No,0.4,No,0.64,Yes,0.11,No,20,50.0,No
707,"seq_epochs_()_num_723",1.0,Yes,0.69,Yes,1.0,Yes,1.0,Yes,1.0,Yes,20,50.0,Yes
708,"seq_epochs_()_num_724",0.81,Yes,0.3,No,0.32,No,0.98,Yes,0.94,Yes,20,50.0,Yes
709,"seq_epochs_()_num_725",1.0,Yes,0.51,Yes,1.0,Yes,1.0,Yes,0.98,Yes,20,50.0,Yes
710,"seq_epochs_()_num_726",0.34,No,0.77,Yes,0.98,Yes,0.8,Yes,0.99,Yes,20,50.0,Yes
711,"seq_epochs_()_num_727",0.97,Yes,0.5,Yes,1.0,Yes,0.98,Yes,0.99,Yes,20,50.0,No
712,"seq_epochs_()_num_728",0.95,Yes,0.91,Yes,0.97,Yes,0.97,Yes,0.82,Yes,20,50.0,Yes
713,"seq_epochs_()_num_729",0.98,Yes,0.45,No,1.0,Yes,1.0,Yes,0.12,No,20,50.0,Yes
714,"seq_epochs_()_num_730",0.98,Yes,0.7,Yes,0.95,Yes,0.8,Yes,1.0,Yes,20,50.0,Yes
715,"seq_epochs_()_num_731",0.81,Yes,0.33,No,0.15,No,1.0,Yes,1.0,Yes,20,50.0,No
716,"seq_epochs_()_num_732",0.8,Yes,0.48,No,0.98,Yes,1.0,Yes,0.97,Yes,20,50.0,No
717,"seq_epochs_()_num_733",0.83,Yes,0.39,No,0.8,Yes,0.02,No,0.0,No,20,50.0,No
718,"seq_epochs_()_num_734",0.8,Yes,0.08,No,0.04,No,0.94,Yes,0.8,Yes,20,50.0,Yes
719,"seq_epochs_()_num_735",0.58,Yes,0.24,No,0.98,Yes,0.98,Yes,0.96,Yes,20,50.0,No
720,"seq_epochs_()_num_736",1.0,Yes,0.95,Yes,1.0,Yes,1.0,Yes,0.97,Yes,20,50.0,Yes
721,"seq_epochs_()_num_737",0.12,No,0.01,No,0.04,No,0.99,Yes,0.69,Yes,20,50.0,Yes
722,"seq_epochs_()_num_738",0.97,Yes,0.35,No,0.99,Yes,0.99,Yes,0.98,Yes,20,50.0,No
723,"seq_epochs_()_num_739",0.06,No,0.06,No,0.1,No,0.43,No,0.74,Yes,20,50.0,No
724,"seq_epochs_()_num_740",0.96,Yes,0.25,No,1.0,Yes,1.0,Yes,0.98,Yes,20,50.0,Yes
725,"seq_epochs_()_num_741",0.49,Yes,0.05,No,0.01,No,0.9,Yes,0.92,Yes,20,50.0,No
726,"seq_epochs_()_num_742",1.0,Yes,0.55,Yes,1.0,Yes,1.0,Yes,0.92,Yes,20,50.0,Yes
727,"seq_epochs_()_num_743",0.33,No,0.5,Yes,0.78,Yes,0.72,Yes,0.07,No,20,50.0,No
728,"seq_epochs_()_num_744",0.98,Yes,0.52,Yes,0.97,Yes,0.99,Yes,0.98,Yes,20,50.0,Yes
729,"seq_epochs_()_num_745",0.54,Yes,0.31,No,0.93,Yes,0.28,No,0.84,Yes,20,50.0,No
730,"seq_epochs_()_num_746",0.07,No,0.02,No,0.1,No,0.42,No,0.97,Yes,20,50.0,No
731,"seq_epochs_()_num_747",0.99,Yes,0.76,Yes,1.0,Yes,0.99,Yes,0.96,Yes,20,50.0,Yes
732,"seq_epochs_()_num_748",0.05,No,0.01,No,0.37,No,0.98,Yes,0.98,Yes,20,50.0,No
733,"seq_epochs_()_num_749",0.74,Yes,0.5,No,0.47,No,0.29,No,0.05,No,20,50.0,No
734,"seq_epochs_()_num_750",0.12,No,0.28,No,0.7,Yes,1.0,Yes,0.5,Yes,20,50.0,No
735,"seq_epochs_()_num_751",0.1,No,0.02,No,0.21,No,0.98,Yes,0.96,Yes,20,50.0,No
736,"seq_epochs_()_num_752",0.86,Yes,0.09,No,0.79,Yes,1.0,Yes,0.92,Yes,20,50.0,Yes
737,"seq_epochs_()_num_753",1.0,Yes,0.74,Yes,1.0,Yes,1.0,Yes,0.99,Yes,20,50.0,No
738,"seq_epochs_()_num_754",1.0,Yes,0.36,No,1.0,Yes,0.99,Yes,0.15,No,20,50.0,Yes
739,"seq_epochs_()_num_755",0.87,Yes,0.97,Yes,1.0,Yes,1.0,Yes,0.94,Yes,20,50.0,Yes
740,"seq_epochs_()_num_756",1.0,Yes,0.76,Yes,1.0,Yes,1.0,Yes,0.91,Yes,20,50.0,Yes
741,"seq_epochs_()_num_757",0.08,No,0.0,No,0.03,No,0.48,No,0.6,Yes,20,50.0,Yes
742,"seq_epochs_()_num_758",0.06,No,0.0,No,0.0,No,0.35,No,0.76,Yes,20,50.0,Yes
743,"seq_epochs_()_num_759",0.96,Yes,1.0,Yes,1.0,Yes,1.0,Yes,0.72,Yes,20,50.0,No
744,"seq_epochs_()_num_760",0.26,No,0.28,No,0.6,Yes,0.43,No,0.37,No,20,50.0,No
745,"seq_epochs_()_num_761",1.0,Yes,0.79,Yes,1.0,Yes,1.0,Yes,0.86,Yes,20,50.0,No
746,"seq_epochs_()_num_762",0.83,Yes,0.54,Yes,0.96,Yes,1.0,Yes,0.82,Yes,20,50.0,No
747,"seq_epochs_()_num_763",0.96,Yes,0.28,No,0.95,Yes,0.94,Yes,0.89,Yes,20,50.0,Yes
748,"seq_epochs_()_num_764",0.08,No,0.05,No,0.05,No,0.63,Yes,0.87,Yes,20,50.0,No
749,"seq_epochs_()_num_765",0.68,Yes,0.26,No,0.17,No,0.88,Yes,0.86,Yes,20,50.0,No
750,"seq_epochs_()_num_766",0.03,No,0.04,No,0.46,No,0.73,Yes,0.78,Yes,20,50.0,No
751,"seq_epochs_()_num_767",0.96,Yes,0.35,No,0.74,Yes,1.0,Yes,0.95,Yes,20,50.0,Yes
752,"seq_epochs_()_num_768",0.67,Yes,0.14,No,0.23,No,0.9,Yes,0.99,Yes,20,50.0,No
753,"seq_epochs_()_num_769",0.39,No,0.34,No,0.75,Yes,0.99,Yes,0.43,No,20,50.0,No
754,"seq_epochs_()_num_770",0.1,No,0.01,No,0.08,No,0.45,No,0.43,No,20,50.0,No
755,"seq_epochs_()_num_771",0.18,No,0.02,No,0.11,No,0.95,Yes,0.97,Yes,20,50.0,No
756,"seq_epochs_()_num_772",0.99,Yes,0.75,Yes,1.0,Yes,1.0,Yes,0.8,Yes,20,50.0,No
757,"seq_epochs_()_num_773",0.01,No,0.11,No,0.02,No,0.83,Yes,0.99,Yes,20,50.0,No
758,"seq_epochs_()_num_774",0.52,Yes,0.51,Yes,0.96,Yes,0.98,Yes,0.28,No,20,50.0,No
759,"seq_epochs_()_num_775",0.87,Yes,0.63,Yes,0.99,Yes,1.0,Yes,0.97,Yes,20,50.0,No
760,"seq_epochs_()_num_776",0.95,Yes,0.51,Yes,0.99,Yes,0.61,Yes,0.91,Yes,20,50.0,No
761,"seq_epochs_()_num_777",1.0,Yes,0.98,Yes,1.0,Yes,0.95,Yes,0.9,Yes,20,50.0,Yes
762,"seq_epochs_()_num_778",0.1,No,0.03,No,0.24,No,0.47,No,0.97,Yes,20,50.0,No
763,"seq_epochs_()_num_779",0.21,No,0.07,No,0.22,No,0.97,Yes,0.98,Yes,20,50.0,No
764,"seq_epochs_()_num_780",1.0,Yes,0.57,Yes,1.0,Yes,0.98,Yes,0.8,Yes,20,50.0,Yes
765,"seq_epochs_()_num_781",0.99,Yes,0.5,No,0.99,Yes,1.0,Yes,0.95,Yes,20,50.0,Yes
766,"seq_epochs_()_num_782",1.0,Yes,0.36,No,0.91,Yes,0.98,Yes,0.34,No,20,50.0,Yes
767,"seq_epochs_()_num_783",0.99,Yes,0.52,Yes,0.99,Yes,0.98,Yes,0.99,Yes,20,50.0,Yes
768,"seq_epochs_()_num_784",0.14,No,0.02,No,0.08,No,0.34,No,0.97,Yes,20,50.0,No
769,"seq_epochs_()_num_785",0.98,Yes,0.49,No,0.93,Yes,0.88,Yes,0.72,Yes,20,50.0,No
770,"seq_epochs_()_num_786",0.93,Yes,0.33,No,0.55,Yes,0.89,Yes,0.93,Yes,20,50.0,Yes
771,"seq_epochs_()_num_787",0.99,Yes,0.78,Yes,1.0,Yes,1.0,Yes,0.82,Yes,20,50.0,No
772,"seq_epochs_()_num_788",0.96,Yes,0.92,Yes,1.0,Yes,0.9,Yes,0.97,Yes,20,50.0,No
773,"seq_epochs_()_num_789",0.53,Yes,0.4,No,0.83,Yes,0.88,Yes,0.93,Yes,20,50.0,Yes
774,"seq_epochs_()_num_790",0.24,No,0.01,No,0.03,No,0.71,Yes,0.41,No,20,50.0,No
775,"seq_epochs_()_num_791",0.18,No,0.7,Yes,0.83,Yes,0.92,Yes,0.97,Yes,20,50.0,No
776,"seq_epochs_()_num_792",0.05,No,0.1,No,0.94,Yes,0.04,No,0.95,Yes,20,50.0,No
777,"seq_epochs_()_num_793",0.16,No,0.45,No,0.9,Yes,0.96,Yes,0.93,Yes,20,50.0,No
778,"seq_epochs_()_num_795",1.0,Yes,0.63,Yes,1.0,Yes,1.0,Yes,0.79,Yes,20,50.0,No
779,"seq_epochs_()_num_796",0.95,Yes,0.31,No,0.61,Yes,0.99,Yes,0.98,Yes,20,50.0,Yes
780,"seq_epochs_()_num_797",0.97,Yes,0.08,No,0.86,Yes,1.0,Yes,0.99,Yes,20,50.0,No
781,"seq_epochs_()_num_798",0.75,Yes,0.0,No,0.07,No,0.87,Yes,0.67,Yes,20,50.0,Yes
782,"seq_epochs_()_num_799",1.0,Yes,0.43,No,1.0,Yes,1.0,Yes,0.03,No,20,50.0,No
783,"seq_epochs_()_num_800",0.99,Yes,0.96,Yes,1.0,Yes,0.92,Yes,0.99,Yes,20,50.0,Yes
784,"seq_epochs_()_num_801",0.8,Yes,0.11,No,0.85,Yes,0.96,Yes,0.1,No,20,50.0,No
785,"seq_epochs_()_num_802",0.53,Yes,0.3,No,0.31,No,0.61,Yes,0.2,No,20,50.0,No
786,"seq_epochs_()_num_803",1.0,Yes,0.5,Yes,1.0,Yes,0.3,No,0.91,Yes,20,50.0,No
787,"seq_epochs_()_num_804",0.52,Yes,0.31,No,0.95,Yes,0.93,Yes,0.96,Yes,20,50.0,No
788,"seq_epochs_()_num_805",0.15,No,0.09,No,0.75,Yes,0.99,Yes,0.77,Yes,20,50.0,No
789,"seq_epochs_()_num_806",0.06,No,0.01,No,0.14,No,0.98,Yes,0.75,Yes,20,50.0,No
790,"seq_epochs_()_num_807",0.99,Yes,0.29,No,0.98,Yes,1.0,Yes,0.83,Yes,20,50.0,Yes
791,"seq_epochs_()_num_808",0.37,No,0.56,Yes,0.04,No,0.45,No,0.38,No,20,50.0,No
792,"seq_epochs_()_num_809",1.0,Yes,0.99,Yes,1.0,Yes,1.0,Yes,0.95,Yes,20,50.0,Yes
793,"seq_epochs_()_num_810",0.98,Yes,0.52,Yes,0.8,Yes,1.0,Yes,0.53,Yes,20,50.0,No
794,"seq_epochs_()_num_811",0.75,Yes,0.54,Yes,0.96,Yes,0.98,Yes,0.96,Yes,20,50.0,Yes
795,"seq_epochs_()_num_812",1.0,Yes,0.98,Yes,1.0,Yes,1.0,Yes,0.36,No,20,50.0,Yes
796,"seq_epochs_()_num_813",1.0,Yes,0.5,Yes,1.0,Yes,1.0,Yes,0.99,Yes,20,50.0,Yes
797,"seq_epochs_()_num_814",0.63,Yes,0.4,No,0.74,Yes,0.11,No,0.96,Yes,20,50.0,No
798,"seq_epochs_()_num_815",0.57,Yes,0.04,No,0.6,Yes,0.66,Yes,0.98,Yes,20,50.0,No
799,"seq_epochs_()_num_816",1.0,Yes,0.59,Yes,1.0,Yes,1.0,Yes,0.73,Yes,20,50.0,Yes
800,"seq_epochs_()_num_817",0.07,No,0.55,Yes,0.99,Yes,0.96,Yes,0.11,No,20,50.0,No
801,"seq_epochs_()_num_818",0.3,No,0.05,No,0.78,Yes,0.68,Yes,0.84,Yes,20,50.0,No
802,"seq_epochs_()_num_819",0.73,Yes,0.53,Yes,0.99,Yes,0.99,Yes,0.97,Yes,20,50.0,No
803,"seq_epochs_()_num_820",0.88,Yes,0.54,Yes,0.95,Yes,0.93,Yes,0.23,No,20,50.0,No
804,"seq_epochs_()_num_821",1.0,Yes,0.51,Yes,1.0,Yes,0.87,Yes,0.99,Yes,20,50.0,No
805,"seq_epochs_()_num_822",1.0,Yes,0.95,Yes,1.0,Yes,1.0,Yes,0.98,Yes,20,50.0,Yes
806,"seq_epochs_()_num_823",1.0,Yes,0.95,Yes,1.0,Yes,0.99,Yes,0.67,Yes,20,50.0,No
807,"seq_epochs_()_num_824",1.0,Yes,0.53,Yes,0.92,Yes,1.0,Yes,0.69,Yes,20,50.0,No
808,"seq_epochs_()_num_825",0.9,Yes,0.54,Yes,0.96,Yes,0.95,Yes,0.49,No,20,50.0,Yes
809,"seq_epochs_()_num_826",0.91,Yes,0.97,Yes,1.0,Yes,1.0,Yes,0.87,Yes,20,50.0,Yes
810,"seq_epochs_()_num_827",0.05,No,0.07,No,0.25,No,0.05,No,0.23,No,20,50.0,No
811,"seq_epochs_()_num_828",0.11,No,0.77,Yes,0.85,Yes,0.35,No,0.9,Yes,20,50.0,No
812,"seq_epochs_()_num_829",0.2,No,0.14,No,0.68,Yes,0.43,No,0.98,Yes,20,50.0,No
813,"seq_epochs_()_num_830",0.25,No,0.02,No,0.0,No,0.03,No,0.91,Yes,20,50.0,No
814,"seq_epochs_()_num_831",0.79,Yes,0.94,Yes,1.0,Yes,0.49,No,0.96,Yes,20,50.0,No
815,"seq_epochs_()_num_832",0.05,No,0.01,No,0.22,No,0.36,No,0.98,Yes,20,50.0,No
816,"seq_epochs_()_num_833",0.05,No,0.05,No,0.41,No,0.09,No,0.8,Yes,20,50.0,No
817,"seq_epochs_()_num_834",0.68,Yes,0.33,No,0.91,Yes,0.94,Yes,0.92,Yes,20,50.0,No
818,"seq_epochs_()_num_835",0.85,Yes,0.24,No,0.97,Yes,0.69,Yes,0.91,Yes,20,50.0,Yes
819,"seq_epochs_()_num_836",1.0,Yes,0.96,Yes,1.0,Yes,0.97,Yes,0.91,Yes,20,50.0,Yes
820,"seq_epochs_()_num_837",0.7,Yes,0.5,No,0.75,Yes,0.96,Yes,0.81,Yes,20,50.0,Yes
821,"seq_epochs_()_num_838",0.83,Yes,0.1,No,0.81,Yes,1.0,Yes,0.64,Yes,20,50.0,Yes
822,"seq_epochs_()_num_840",0.48,Yes,0.01,No,0.54,Yes,0.99,Yes,0.89,Yes,20,50.0,No
823,"seq_epochs_()_num_841",1.0,Yes,0.38,No,0.99,Yes,1.0,Yes,0.31,No,20,50.0,No
824,"seq_epochs_()_num_842",0.04,No,0.01,No,0.03,No,0.59,Yes,0.98,Yes,20,50.0,No
825,"seq_epochs_()_num_843",0.89,Yes,0.97,Yes,0.74,Yes,0.89,Yes,0.06,No,20,50.0,No
826,"seq_epochs_()_num_844",1.0,Yes,0.99,Yes,1.0,Yes,0.31,No,0.99,Yes,20,50.0,No
827,"seq_epochs_()_num_845",0.97,Yes,0.96,Yes,1.0,Yes,1.0,Yes,0.92,Yes,20,50.0,Yes
828,"seq_epochs_()_num_846",1.0,Yes,0.77,Yes,1.0,Yes,1.0,Yes,0.99,Yes,20,50.0,Yes
829,"seq_epochs_()_num_847",1.0,Yes,0.64,Yes,1.0,Yes,0.98,Yes,0.85,Yes,20,50.0,Yes
830,"seq_epochs_()_num_848",1.0,Yes,0.99,Yes,1.0,Yes,1.0,Yes,0.6,Yes,20,50.0,Yes
831,"seq_epochs_()_num_849",1.0,Yes,0.57,Yes,0.99,Yes,1.0,Yes,1.0,Yes,20,50.0,Yes
832,"seq_epochs_()_num_850",0.99,Yes,0.73,Yes,1.0,Yes,0.97,Yes,0.88,Yes,20,50.0,No
833,"seq_epochs_()_num_851",0.99,Yes,0.5,No,0.97,Yes,0.51,Yes,0.99,Yes,20,50.0,No
834,"seq_epochs_()_num_852",0.27,No,0.03,No,0.07,No,0.99,Yes,0.95,Yes,20,50.0,No
835,"seq_epochs_()_num_853",0.85,Yes,0.63,Yes,0.99,Yes,0.97,Yes,0.98,Yes,20,50.0,No
836,"seq_epochs_()_num_854",0.99,Yes,0.76,Yes,0.99,Yes,1.0,Yes,1.0,Yes,20,50.0,No
837,"seq_epochs_()_num_855",0.08,No,0.02,No,0.08,No,0.29,No,0.86,Yes,20,50.0,No
838,"seq_epochs_()_num_856",0.87,Yes,0.91,Yes,1.0,Yes,0.99,Yes,0.97,Yes,20,50.0,No
839,"seq_epochs_()_num_857",0.65,Yes,0.03,No,0.05,No,0.79,Yes,0.34,No,20,50.0,No
840,"seq_epochs_()_num_858",0.83,Yes,0.48,No,0.86,Yes,0.91,Yes,0.98,Yes,20,50.0,No
841,"seq_epochs_()_num_859",0.93,Yes,0.53,Yes,0.98,Yes,0.98,Yes,0.92,Yes,20,50.0,Yes
842,"seq_epochs_()_num_860",0.64,Yes,0.17,No,0.84,Yes,0.99,Yes,0.86,Yes,20,50.0,No
843,"seq_epochs_()_num_861",1.0,Yes,0.99,Yes,1.0,Yes,1.0,Yes,0.98,Yes,20,50.0,No
844,"seq_epochs_()_num_862",0.67,Yes,0.54,Yes,0.94,Yes,0.97,Yes,0.73,Yes,20,50.0,No
845,"seq_epochs_()_num_863",1.0,Yes,0.6,Yes,1.0,Yes,1.0,Yes,0.7,Yes,20,50.0,No
846,"seq_epochs_()_num_864",0.84,Yes,0.48,No,0.89,Yes,0.87,Yes,0.94,Yes,20,50.0,Yes
847,"seq_epochs_()_num_865",0.32,No,0.06,No,0.57,Yes,0.96,Yes,0.86,Yes,20,50.0,Yes
848,"seq_epochs_()_num_866",0.74,Yes,0.32,No,0.93,Yes,0.99,Yes,0.98,Yes,20,50.0,No
849,"seq_epochs_()_num_867",0.99,Yes,0.5,No,0.98,Yes,1.0,Yes,0.82,Yes,20,50.0,Yes
850,"seq_epochs_()_num_868",0.1,No,0.03,No,0.04,No,0.87,Yes,0.66,Yes,20,50.0,No
851,"seq_epochs_()_num_869",0.61,Yes,0.12,No,0.33,No,0.58,Yes,0.98,Yes,20,50.0,Yes
852,"seq_epochs_()_num_870",0.99,Yes,0.71,Yes,0.99,Yes,1.0,Yes,0.89,Yes,20,50.0,Yes
853,"seq_epochs_()_num_871",0.99,Yes,0.57,Yes,0.99,Yes,0.97,Yes,0.96,Yes,20,50.0,No
854,"seq_epochs_()_num_872",0.96,Yes,0.51,Yes,0.92,Yes,1.0,Yes,0.58,Yes,20,50.0,No
855,"seq_epochs_()_num_873",0.76,Yes,0.25,No,0.26,No,0.26,No,0.84,Yes,20,50.0,Yes
856,"seq_epochs_()_num_874",0.99,Yes,0.5,Yes,1.0,Yes,1.0,Yes,0.73,Yes,20,50.0,No
857,"seq_epochs_()_num_875",1.0,Yes,0.92,Yes,1.0,Yes,1.0,Yes,0.92,Yes,20,50.0,Yes
858,"seq_epochs_()_num_876",0.08,No,0.04,No,0.3,No,0.09,No,0.82,Yes,20,50.0,No
859,"seq_epochs_()_num_877",0.07,No,0.0,No,0.01,No,0.4,No,0.69,Yes,20,50.0,Yes
860,"seq_epochs_()_num_878",0.99,Yes,0.34,No,1.0,Yes,1.0,Yes,1.0,Yes,20,50.0,Yes
861,"seq_epochs_()_num_880",0.06,No,0.04,No,0.06,No,0.65,Yes,0.79,Yes,20,50.0,No
862,"seq_epochs_()_num_881",0.07,No,0.17,No,0.05,No,0.05,No,0.98,Yes,20,50.0,No
863,"seq_epochs_()_num_882",0.97,Yes,0.14,No,0.98,Yes,1.0,Yes,0.9,Yes,20,50.0,Yes
864,"seq_epochs_()_num_883",0.23,No,0.03,No,0.47,No,0.62,Yes,0.92,Yes,20,50.0,No
865,"seq_epochs_()_num_884",0.74,Yes,0.03,No,0.96,Yes,0.31,No,0.1,No,20,50.0,No
866,"seq_epochs_()_num_885",1.0,Yes,0.71,Yes,1.0,Yes,1.0,Yes,0.65,Yes,20,50.0,No
867,"seq_epochs_()_num_886",0.99,Yes,0.95,Yes,0.96,Yes,0.82,Yes,0.03,No,20,50.0,No
868,"seq_epochs_()_num_887",0.99,Yes,0.97,Yes,1.0,Yes,1.0,Yes,0.95,Yes,20,50.0,Yes
869,"seq_epochs_()_num_888",0.08,No,0.03,No,0.01,No,0.1,No,0.04,No,20,50.0,Yes
870,"seq_epochs_()_num_889",0.85,Yes,0.49,No,0.98,Yes,1.0,Yes,0.99,Yes,20,50.0,No
871,"seq_epochs_()_num_890",1.0,Yes,0.76,Yes,1.0,Yes,0.31,No,0.97,Yes,20,50.0,No
872,"seq_epochs_()_num_891",0.98,Yes,0.55,Yes,0.99,Yes,1.0,Yes,0.7,Yes,20,50.0,Yes
873,"seq_epochs_()_num_892",0.99,Yes,0.93,Yes,0.98,Yes,1.0,Yes,0.98,Yes,20,50.0,Yes
874,"seq_epochs_()_num_893",0.04,No,0.0,No,0.12,No,0.29,No,0.98,Yes,20,50.0,No
875,"seq_epochs_()_num_894",0.12,No,0.2,No,0.69,Yes,0.72,Yes,0.91,Yes,20,50.0,No
876,"seq_epochs_()_num_895",0.91,Yes,0.5,No,1.0,Yes,0.99,Yes,0.95,Yes,20,50.0,No
877,"seq_epochs_()_num_896",0.84,Yes,0.26,No,0.98,Yes,0.99,Yes,0.89,Yes,20,50.0,No
878,"seq_epochs_()_num_897",0.49,Yes,0.38,No,0.95,Yes,0.68,Yes,0.92,Yes,20,50.0,No
879,"seq_epochs_()_num_898",0.89,Yes,0.78,Yes,1.0,Yes,0.99,Yes,0.91,Yes,20,50.0,Yes
880,"seq_epochs_()_num_899",0.43,No,0.38,No,0.52,Yes,0.84,Yes,0.95,Yes,20,50.0,No
881,"seq_epochs_()_num_900",1.0,Yes,0.61,Yes,1.0,Yes,1.0,Yes,0.78,Yes,20,50.0,No
882,"seq_epochs_()_num_901",0.39,No,0.0,No,0.25,No,0.79,Yes,0.88,Yes,20,50.0,Yes
883,"seq_epochs_()_num_902",0.99,Yes,0.31,No,0.72,Yes,0.97,Yes,0.95,Yes,20,50.0,Yes
884,"seq_epochs_()_num_903",1.0,Yes,0.53,Yes,1.0,Yes,0.99,Yes,0.11,No,20,50.0,No
885,"seq_epochs_()_num_904",1.0,Yes,0.74,Yes,1.0,Yes,0.99,Yes,0.13,No,20,50.0,No
886,"seq_epochs_()_num_905",0.45,No,0.05,No,0.37,No,0.06,No,0.91,Yes,20,50.0,No
887,"seq_epochs_()_num_906",1.0,Yes,0.54,Yes,1.0,Yes,0.99,Yes,0.92,Yes,20,50.0,No
888,"seq_epochs_()_num_907",0.8,Yes,0.33,No,0.89,Yes,0.99,Yes,0.85,Yes,20,50.0,No
889,"seq_epochs_()_num_908",0.98,Yes,0.24,No,0.99,Yes,1.0,Yes,0.94,Yes,20,50.0,Yes
890,"seq_epochs_()_num_909",1.0,Yes,0.97,Yes,0.97,Yes,1.0,Yes,0.53,Yes,20,50.0,No
891,"seq_epochs_()_num_910",0.06,No,0.03,No,0.03,No,0.94,Yes,0.79,Yes,20,50.0,No
892,"seq_epochs_()_num_911",1.0,Yes,0.91,Yes,1.0,Yes,0.99,Yes,1.0,Yes,20,50.0,Yes
893,"seq_epochs_()_num_912",0.57,Yes,0.3,No,0.06,No,0.98,Yes,0.84,Yes,20,50.0,No
894,"seq_epochs_()_num_913",0.99,Yes,0.5,Yes,0.99,Yes,1.0,Yes,0.98,Yes,20,50.0,Yes
895,"seq_epochs_()_num_914",0.86,Yes,0.19,No,0.97,Yes,0.98,Yes,0.96,Yes,20,50.0,No
896,"seq_epochs_()_num_915",0.97,Yes,0.46,No,0.76,Yes,0.91,Yes,0.84,Yes,20,50.0,Yes
897,"seq_epochs_()_num_916",0.92,Yes,0.21,No,0.65,Yes,0.97,Yes,0.92,Yes,20,50.0,No
898,"seq_epochs_()_num_917",0.99,Yes,0.52,Yes,1.0,Yes,0.99,Yes,0.29,No,20,50.0,Yes
899,"seq_epochs_()_num_918",0.23,No,0.31,No,0.05,No,0.47,No,0.71,Yes,20,50.0,No
900,"seq_epochs_()_num_919",0.36,No,0.61,Yes,0.96,Yes,0.73,Yes,0.49,No,20,50.0,Yes
901,"seq_epochs_()_num_920",0.32,No,0.03,No,0.2,No,0.44,No,0.7,Yes,20,50.0,No
902,"seq_epochs_()_num_921",0.99,Yes,0.9,Yes,1.0,Yes,1.0,Yes,0.95,Yes,20,50.0,Yes
903,"seq_epochs_()_num_922",0.99,Yes,0.51,Yes,0.98,Yes,1.0,Yes,0.97,Yes,20,50.0,No
904,"seq_epochs_()_num_923",0.93,Yes,0.51,Yes,0.95,Yes,0.81,Yes,0.99,Yes,20,50.0,Yes
905,"seq_epochs_()_num_924",1.0,Yes,0.73,Yes,1.0,Yes,1.0,Yes,0.55,Yes,20,50.0,Yes
906,"seq_epochs_()_num_925",0.9,Yes,0.56,Yes,1.0,Yes,0.98,Yes,0.84,Yes,20,50.0,Yes
907,"seq_epochs_()_num_926",0.12,No,0.14,No,0.8,Yes,0.99,Yes,0.99,Yes,20,50.0,No
908,"seq_epochs_()_num_927",0.28,No,0.61,Yes,0.88,Yes,0.9,Yes,0.97,Yes,20,50.0,Yes
909,"seq_epochs_()_num_928",0.06,No,0.05,No,0.16,No,0.2,No,0.97,Yes,20,50.0,No
910,"seq_epochs_()_num_929",0.99,Yes,0.34,No,0.93,Yes,1.0,Yes,1.0,Yes,20,50.0,No
911,"seq_epochs_()_num_930",0.37,No,0.03,No,0.66,Yes,0.34,No,0.97,Yes,20,50.0,No
912,"seq_epochs_()_num_931",0.98,Yes,0.98,Yes,1.0,Yes,1.0,Yes,0.96,Yes,20,50.0,Yes
913,"seq_epochs_()_num_932",0.95,Yes,0.09,No,0.72,Yes,0.99,Yes,0.98,Yes,20,50.0,No
914,"seq_epochs_()_num_933",0.99,Yes,0.57,Yes,0.99,Yes,1.0,Yes,0.97,Yes,20,50.0,Yes
915,"seq_epochs_()_num_934",0.98,Yes,0.33,No,0.13,No,0.05,No,0.73,Yes,20,50.0,No
916,"seq_epochs_()_num_935",0.99,Yes,0.32,No,0.97,Yes,1.0,Yes,0.76,Yes,20,50.0,No
917,"seq_epochs_()_num_936",0.98,Yes,0.49,No,0.39,No,1.0,Yes,0.76,Yes,20,50.0,Yes
918,"seq_epochs_()_num_938",0.99,Yes,0.55,Yes,0.99,Yes,0.98,Yes,0.95,Yes,20,50.0,Yes
919,"seq_epochs_()_num_939",0.88,Yes,0.29,No,0.95,Yes,0.76,Yes,0.92,Yes,20,50.0,No
920,"seq_epochs_()_num_940",0.99,Yes,0.51,Yes,1.0,Yes,1.0,Yes,0.93,Yes,20,50.0,No
921,"seq_epochs_()_num_941",0.15,No,0.02,No,0.25,No,0.56,Yes,0.94,Yes,20,50.0,Yes
922,"seq_epochs_()_num_942",0.6,Yes,0.47,No,0.09,No,0.84,Yes,0.99,Yes,20,50.0,No
923,"seq_epochs_()_num_943",0.98,Yes,0.25,No,1.0,Yes,0.7,Yes,0.19,No,20,50.0,No
924,"seq_epochs_()_num_944",0.96,Yes,0.48,No,0.55,Yes,0.99,Yes,0.79,Yes,20,50.0,No
925,"seq_epochs_()_num_945",0.31,No,0.04,No,0.68,Yes,0.08,No,0.9,Yes,20,50.0,No
926,"seq_epochs_()_num_946",0.99,Yes,0.57,Yes,0.98,Yes,0.98,Yes,0.92,Yes,20,50.0,Yes
927,"seq_epochs_()_num_947",0.76,Yes,0.03,No,0.38,No,0.96,Yes,0.98,Yes,20,50.0,No
928,"seq_epochs_()_num_948",0.99,Yes,0.51,Yes,0.97,Yes,1.0,Yes,0.74,Yes,20,50.0,No
929,"seq_epochs_()_num_949",0.32,No,0.66,Yes,0.45,No,0.98,Yes,0.39,No,20,50.0,No
930,"seq_epochs_()_num_950",1.0,Yes,0.73,Yes,1.0,Yes,0.98,Yes,0.98,Yes,20,50.0,Yes
931,"seq_epochs_()_num_951",0.62,Yes,0.35,No,0.85,Yes,0.19,No,0.48,No,20,50.0,Yes
932,"seq_epochs_()_num_952",0.92,Yes,0.97,Yes,0.88,Yes,0.98,Yes,0.99,Yes,20,50.0,Yes
933,"seq_epochs_()_num_953",0.36,No,0.24,No,0.47,No,0.7,Yes,0.89,Yes,20,50.0,No
934,"seq_epochs_()_num_954",0.97,Yes,0.93,Yes,1.0,Yes,1.0,Yes,0.94,Yes,20,50.0,Yes
935,"seq_epochs_()_num_955",1.0,Yes,0.51,Yes,0.98,Yes,1.0,Yes,0.94,Yes,20,50.0,Yes
936,"seq_epochs_()_num_956",0.35,No,0.72,Yes,0.93,Yes,0.91,Yes,0.3,No,20,50.0,No
937,"seq_epochs_()_num_957",1.0,Yes,0.37,No,0.99,Yes,1.0,Yes,0.67,Yes,20,50.0,No
938,"seq_epochs_()_num_958",0.14,No,0.19,No,0.21,No,0.13,No,0.88,Yes,20,50.0,No
939,"seq_epochs_()_num_959",0.03,No,0.64,Yes,0.94,Yes,0.97,Yes,0.24,No,20,50.0,No
940,"seq_epochs_()_num_960",0.99,Yes,0.36,No,1.0,Yes,1.0,Yes,0.82,Yes,20,50.0,No
941,"seq_epochs_()_num_961",0.92,Yes,0.08,No,0.77,Yes,0.19,No,0.92,Yes,20,50.0,No
942,"seq_epochs_()_num_962",1.0,Yes,0.83,Yes,1.0,Yes,0.99,Yes,0.5,No,20,50.0,No
943,"seq_epochs_()_num_963",0.93,Yes,0.26,No,0.9,Yes,1.0,Yes,0.66,Yes,20,50.0,No
944,"seq_epochs_()_num_964",0.95,Yes,0.08,No,0.42,No,1.0,Yes,0.9,Yes,20,50.0,Yes
945,"seq_epochs_()_num_965",0.19,No,0.01,No,0.41,No,0.37,No,0.94,Yes,20,50.0,No
946,"seq_epochs_()_num_966",0.43,No,0.06,No,0.9,Yes,0.99,Yes,0.97,Yes,20,50.0,Yes
947,"seq_epochs_()_num_967",0.95,Yes,0.51,Yes,1.0,Yes,0.99,Yes,0.82,Yes,20,50.0,No
948,"seq_epochs_()_num_968",0.95,Yes,0.26,No,0.14,No,0.63,Yes,0.17,No,20,50.0,Yes
949,"seq_epochs_()_num_969",0.04,No,0.01,No,0.05,No,0.14,No,0.88,Yes,20,50.0,No
950,"seq_epochs_()_num_970",0.16,No,0.02,No,0.53,Yes,0.77,Yes,0.49,No,20,50.0,No
951,"seq_epochs_()_num_971",1.0,Yes,1.0,Yes,1.0,Yes,0.99,Yes,0.9,Yes,20,50.0,Yes
952,"seq_epochs_()_num_972",0.9,Yes,0.75,Yes,0.97,Yes,0.95,Yes,0.99,Yes,20,50.0,Yes
953,"seq_epochs_()_num_973",0.99,Yes,0.28,No,0.99,Yes,0.86,Yes,0.11,No,20,50.0,No
954,"seq_epochs_()_num_974",1.0,Yes,0.96,Yes,1.0,Yes,1.0,Yes,0.96,Yes,20,50.0,No
955,"seq_epochs_()_num_975",1.0,Yes,1.0,Yes,1.0,Yes,0.99,Yes,0.96,Yes,20,50.0,Yes
956,"seq_epochs_()_num_976",0.49,Yes,0.18,No,0.11,No,0.53,Yes,0.93,Yes,20,50.0,Yes
957,"seq_epochs_()_num_977",0.49,Yes,0.46,No,0.97,Yes,0.96,Yes,0.94,Yes,20,50.0,Yes
958,"seq_epochs_()_num_978",0.08,No,0.01,No,0.03,No,0.98,Yes,0.73,Yes,20,50.0,No
959,"seq_epochs_()_num_980",1.0,Yes,0.5,Yes,1.0,Yes,1.0,Yes,0.95,Yes,20,50.0,Yes
960,"seq_epochs_()_num_981",0.05,No,0.04,No,0.07,No,0.42,No,0.97,Yes,20,50.0,No
961,"seq_epochs_()_num_982",0.16,No,0.07,No,0.08,No,0.96,Yes,0.61,Yes,20,50.0,No
962,"seq_epochs_()_num_983",0.59,Yes,0.51,Yes,0.63,Yes,0.99,Yes,1.0,Yes,20,50.0,Yes
963,"seq_epochs_()_num_984",0.99,Yes,0.5,Yes,1.0,Yes,0.98,Yes,0.91,Yes,20,50.0,Yes
964,"seq_epochs_()_num_985",0.04,No,0.19,No,0.62,Yes,0.61,Yes,0.61,Yes,20,50.0,No
965,"seq_epochs_()_num_986",0.9,Yes,0.7,Yes,0.9,Yes,0.97,Yes,0.94,Yes,20,50.0,No
966,"seq_epochs_()_num_987",1.0,Yes,0.55,Yes,1.0,Yes,0.99,Yes,0.99,Yes,20,50.0,Yes
967,"seq_epochs_()_num_989",0.99,Yes,0.47,No,0.88,Yes,0.97,Yes,0.06,No,20,50.0,Yes
968,"seq_epochs_()_num_990",1.0,Yes,0.6,Yes,1.0,Yes,0.99,Yes,0.56,Yes,20,50.0,No
969,"seq_epochs_()_num_991",0.53,Yes,0.02,No,0.28,No,0.83,Yes,0.04,No,20,50.0,No
970,"seq_epochs_()_num_992",0.42,No,0.03,No,0.11,No,0.93,Yes,0.63,Yes,20,50.0,Yes
971,"seq_epochs_()_num_993",0.98,Yes,0.57,Yes,0.99,Yes,1.0,Yes,0.6,Yes,20,50.0,No
972,"seq_epochs_()_num_994",0.95,Yes,0.18,No,0.97,Yes,0.92,Yes,0.24,No,20,50.0,No
973,"seq_epochs_()_num_995",1.0,Yes,0.93,Yes,1.0,Yes,0.88,Yes,0.89,Yes,20,50.0,No
974,"seq_epochs_()_num_996",0.19,No,0.37,No,0.97,Yes,0.99,Yes,0.81,Yes,20,50.0,No
975,"seq_epochs_()_num_997",0.07,No,0.01,No,0.12,No,0.48,No,0.98,Yes,20,50.0,No
976,"seq_epochs_()_num_998",0.37,No,0.24,No,0.57,Yes,0.93,Yes,0.35,No,20,50.0,No
977,"seq_epochs_()_num_999",1.0,Yes,0.53,Yes,1.0,Yes,1.0,Yes,0.99,Yes,20,50.0,Yes
978,"seq_epochs_()_num_1000",0.91,Yes,0.29,No,0.22,No,0.57,Yes,0.96,Yes,20,50.0,No
